<?xml version="1.0" encoding="UTF-8" standalone="no"?>
<beast beautitemplate='Standard' beautistatus='' namespace="beast.core:beast.evolution.alignment:beast.evolution.tree.coalescent:beast.core.util:beast.evolution.nuc:beast.evolution.operators:beast.evolution.sitemodel:beast.evolution.substitutionmodel:beast.evolution.likelihood" required="" version="2.6">

	<map name="Uniform" >beast.math.distributions.Uniform</map>
	<map name="Exponential" >beast.math.distributions.Exponential</map>
	<map name="LogNormal" >beast.math.distributions.LogNormalDistributionModel</map>
	<map name="Normal" >beast.math.distributions.Normal</map>
	<map name="Beta" >beast.math.distributions.Beta</map>
	<map name="Gamma" >beast.math.distributions.Gamma</map>
	<map name="LaplaceDistribution" >beast.math.distributions.LaplaceDistribution</map>
	<map name="prior" >beast.math.distributions.Prior</map>
	<map name="InverseGamma" >beast.math.distributions.InverseGamma</map>
	<map name="OneOnX" >beast.math.distributions.OneOnX</map>
	<map name="Dirichlet" >beast.math.distributions.Dirichlet</map>


	<data id="alignment" spec="xmlsimulator.DatasetSampler">
		<file spec="xmlsimulator.WeightedFile" file="../datasets/Becker_2016/alignment.nex" />
		<file spec="xmlsimulator.WeightedFile" file="../datasets/Cognato_2001/alignment.nex" />
	</data>


	<run id="XMLSimulator" spec="xmlsimulator.SimulateXML" xml="out.xml" data="@alignment">

	
		<runner id="mcmc" spec="beast.core.MCMC"  chainLength="50000000">
		

			<init spec="beast.util.ClusterTree" id="NJtree" initial="@tree" clusterType="neighborjoining" taxa="@alignment"/>
		

			<state id="state" spec="State" storeEvery="1000">

				<tree id="tree" spec="beast.evolution.tree.Tree" name="stateNode">
					<taxonset id="tree.taxonset" spec="TaxonSet">
						<alignment idref="alignment"/>
					</taxonset>
				</tree>

				<parameter id="birthRate" spec="parameter.RealParameter" name="stateNode">1.0</parameter>


			</state>


			<distribution id="posterior" spec="util.CompoundDistribution">


				<distribution id="YuleModel.t:benchmark" spec="beast.evolution.speciation.YuleModel" birthDiffRate="@birthRate" tree="@tree"/>
                            


				<prior id="YuleBirthRatePrior.t:benchmark" name="distribution" x="@birthRate">
					<LogNormal id="LogNormalDistributionModel.2" name="distr">
						<parameter id="RealParameter.17" spec="parameter.RealParameter" estimate="false" name="M">1.0</parameter>
						<parameter id="RealParameter.18" spec="parameter.RealParameter" estimate="false" name="S">1.25</parameter>
					</LogNormal>
				</prior>


			</distribution>


			<operator id="YuleBirthRateScaler.t:dummy" spec="ScaleOperator" parameter="@birthRate" scaleFactor="0.75" weight="2.0"/>
			<operator id="YuleModelTreeScaler.t:dummy" spec="ScaleOperator" scaleFactor="0.5" tree="@tree" weight="3.0"/>
			<operator id="YuleModelTreeRootScaler.t:dummy" spec="ScaleOperator" rootOnly="true" scaleFactor="0.5" tree="@tree" weight="3.0"/>
			<operator id="YuleModelUniformOperator.t:dummy" spec="Uniform" tree="@tree" weight="30.0"/>
			<operator id="YuleModelSubtreeSlide.t:dummy" spec="SubtreeSlide" tree="@tree" weight="15.0"/>
			<operator id="YuleModelWide.t:dummy" spec="Exchange" isNarrow="false" tree="@tree" weight="3.0"/>
			<operator id="YuleModelWilsonBalding.t:dummy" spec="WilsonBalding" tree="@tree" weight="3.0"/>


			<logger id="screenlog" spec="Logger" logEvery="1000">
				<log idref="posterior"/>
				<log idref="birthRate"/>
			</logger>
			
		</runner>

		
	

		
		<!--
		<model id="siteModelSampler" spec="xmlsimulator.ModelElementSampler">
			<file spec="xmlsimulator.WeightedFile" file="../models/site/HKY.xml" />
			<file spec="xmlsimulator.WeightedFile" file="../models/site/JC.xml" />
		</model>


		<distribution id="treeLikelihood.$(tree)" spec="TreeLikelihood" tree="@tree">
			<data spec="FilteredAlignment" data="@benchmark" filter="1-649"/>
			<siteModel idref="siteModel.$(tree)" />
			<branchRateModel idref="clockModel" />
		</distribution>
		-->
		
		
		<logger spec="xmlsimulator.XMLSimulatorLogger" fileName="xmlsimulator.log" />


	</run>

</beast>







