xml,replicate,dataset,ntaxa,nsites,npatterns,npartitions,ncalibrations,nspecies,pgaps,nchar,dated,NJtree.height,partition.model,treeclock.model,site.model,site.heterogeneity.model,branch.model,tree.model,search.mode,TopologyPOEM.dim,TopologyPOEM.weight,TopologyPOEM.min.ESS.hr,NodeHeightPOEM.dim,NodeHeightPOEM.weight,NodeHeightPOEM.min.ESS.hr,SiteModelPOEM.dim,SiteModelPOEM.weight,SiteModelPOEM.min.ESS.hr,ClockModelRatePOEM.dim,ClockModelRatePOEM.weight,ClockModelRatePOEM.min.ESS.hr,ClockModelSDPOEM.dim,ClockModelSDPOEM.weight,ClockModelSDPOEM.min.ESS.hr,SpeciesTreePriorPOEM.dim,SpeciesTreePriorPOEM.weight,SpeciesTreePriorPOEM.min.ESS.hr,ESS.mean.hr,ESS.sd.hr,ESS.cov.hr,nstates,runtime.smooth.hr,runtime.raw.hr,TopologyPOEM.weight.d,TopologyPOEM.min.ESS.m,TopologyPOEM.min.ESS.p,NodeHeightPOEM.weight.d,NodeHeightPOEM.min.ESS.m,NodeHeightPOEM.min.ESS.p,SiteModelPOEM.weight.d,SiteModelPOEM.min.ESS.m,SiteModelPOEM.min.ESS.p,ClockModelRatePOEM.weight.d,ClockModelRatePOEM.min.ESS.m,ClockModelRatePOEM.min.ESS.p,ClockModelSDPOEM.weight.d,ClockModelSDPOEM.min.ESS.m,ClockModelSDPOEM.min.ESS.p,SpeciesTreePriorPOEM.weight.d,SpeciesTreePriorPOEM.min.ESS.m,SpeciesTreePriorPOEM.min.ESS.p,ESS.mean.m,ESS.sd.m,ESS.cov.m,runtime.smooth.hr.m,runtime.raw.hr.m,Pmean
30,1,../datasets/Cognato_2001/alignment.nex,44,1975,876,4,0,1,0.046800920598389,4,false,0.103147777819355,Concat.model,Estimated.clock.model,HKY.model,NoHet.model,RelaxedLN.model,Coalescent.model,MCMC.search,87,0.321183040143791,6.61699335988634,173,0.171629467387668,73.0230264680468,9,0.0359649813749838,496.828902786115,173,0.0450961618291984,23.4292941340674,87,0.167290329496152,31.1099334686286,1,0.258836019768207,850.293663293155,152.113689587316,158.091836972879,0.152442754529945,99990000,6.81764459768928,6.15746333333333,0.00373468651329989,0.451168207150464,0.00446701225876959,0.00390066971335608,4.97894831389939,0.049296521344979,0.00399610904166487,33.8754163921957,0.33540018533353,0.000524373974758121,1.59748575438341,0.0158166917237159,0.167290329496152,2.1211768161503,0.0210017520973086,0.258836019768207,57.975797579758,0.574017837241696,10.3716079012856,10.7792175045197,0.0103940446232419,0.0681832643033231,0.0615807914124746,0.527697297387632
30,10,../datasets/Cognato_2001/alignment.nex,44,1975,876,4,0,1,0.046800920598389,4,false,0.103147777819355,Concat.model,Estimated.clock.model,HKY.model,NoHet.model,RelaxedLN.model,Coalescent.model,MCMC.search,87,0.51966965847062,6.76438342729866,173,0.201633258436965,95.7179844380311,9,0.00395098656201498,290.996446385128,173,0.170266355648875,174.085537610335,87,0.078855837160979,252.0593016071,1,0.0256239037205459,552.418126767265,177.482684445917,85.2933826206951,0.0312436419403867,99990000,15.3814648511341,14.2467913888889,0.0060426704473328,1.04056531579746,0.00493015848696626,0.00458257405538557,14.724300562606,0.0697631703472075,0.000438998506890553,44.7639925180295,0.212090076685022,0.00197984134475436,26.7795837368151,0.126880638853795,0.078855837160979,38.774290309741,0.1837110977509,0.0256239037205459,84.978497849785,0.40262485787611,27.302166941592,13.1206837365191,0.00480621042431719,0.153830031514492,0.142482162105099,0.308483355294475
30,100,../datasets/Cognato_2001/alignment.nex,44,1975,876,4,0,1,0.046800920598389,4,false,0.103147777819355,Concat.model,Estimated.clock.model,HKY.model,NoHet.model,RelaxedLN.model,Coalescent.model,MCMC.search,87,0.17660994574373,0.921381672079048,173,0.114810347656453,0.921381672079048,9,0.00760473611223534,17.3577692360544,173,0.588122343788456,2.4441487993651,87,0.112852618329062,348.33410000781,1,8.37006392279398e-09,0.386044074821094,61.7374411152094,95.532219630867,0.199120915265351,99990000,7.77113339037855,7.55252638888889,0.00205360402027593,0.0716089596677299,0.00248776775961157,0.0026093260831012,0.0716089596677299,0.00248776775961157,0.00084497067913726,1.34903030395828,0.0468666785902042,0.00683863190451693,0.189957059163914,0.00659930055807768,0.112852618329062,27.0722147772593,0.940516150725424,8.37006392279398e-09,0.03000300030003,0.00104233460707106,4.79817871874121,7.42467868617269,0.0154754994833614,0.077719105814367,0.0755328171706059,0.848620918830616
30,11,../datasets/Cognato_2001/alignment.nex,44,1975,876,4,0,1,0.046800920598389,4,false,0.103147777819355,Concat.model,Estimated.clock.model,HKY.model,NoHet.model,RelaxedLN.model,Coalescent.model,MCMC.search,87,0.123567221638528,0.887863394208074,173,0.474105792296185,41.7623740799547,9,0.196244516723196,294.550515952202,173,0.0999182213428216,60.7448226007344,87,0.0272393785661055,176.683490672833,1,0.0789248694331637,302.155537931631,117.687664163535,83.2226441385691,0.0253884038809878,99990000,27.85320453701,25.1177844444444,0.00143682815858754,0.247323139511965,0.0010126357026777,0.0107751316430951,11.6333228042814,0.0476312812284196,0.0218049463025773,82.0499626692518,0.335943987150614,0.00116183978305607,16.9210717918056,0.0692813517480274,0.0272393785661055,49.2169357338064,0.201512993886426,0.0789248694331637,84.1684168416842,0.344617750283836,32.7830641207108,23.1824915421778,0.00707219128078179,0.278559901360236,0.251202964740919,0.335604300381132
30,12,../datasets/Cognato_2001/alignment.nex,44,1975,876,4,0,1,0.046800920598389,4,false,0.103147777819355,Concat.model,Estimated.clock.model,HKY.model,NoHet.model,RelaxedLN.model,Coalescent.model,MCMC.search,87,0.366285983224474,8.02517589939726,173,0.138408909917558,57.7930128589602,9,0.115479723622605,862.915778305756,173,0.0746545425309159,136.700000407066,87,0.258919221740985,223.321801859464,1,0.0462516189634624,778.780156199844,247.079869938497,205.278636122419,0.100987249164193,99990000,8.22696873950123,14.1360197222222,0.00425913933981946,0.6602947420076,0.0038815170272498,0.00314565704358087,4.75508861038362,0.0279526039404281,0.0128310804025116,70.9989112205603,0.417364345475327,0.000868076075940883,11.2473910394913,0.0661173519255737,0.258919221740985,18.3744522726963,0.108013504917533,0.0462516189634624,64.0764076407641,0.376670676713888,20.3292165830988,16.8898982124872,0.00830902032165251,0.082277915186531,0.141374334655688,0.407727807017357
30,13,../datasets/Cognato_2001/alignment.nex,44,1975,876,4,0,1,0.046800920598389,4,false,0.103147777819355,Concat.model,Estimated.clock.model,HKY.model,NoHet.model,RelaxedLN.model,Coalescent.model,MCMC.search,87,0.294395259267105,7.85747485613688,173,0.254879816563913,88.4873641855488,9,0.00705850248628974,748.371448465927,173,0.0489990909420089,140.214201133016,87,0.290261681961773,335.502597506277,1,0.10440564877891,776.567243898178,266.035917220855,187.182903829287,0.0816486562456033,99990000,8.6174121463169,14.3584163888889,0.00342320068915239,0.677178710517588,0.00374700697160498,0.0057927231037253,7.62608347762892,0.0421971150494032,0.000784278054032194,64.4967017698475,0.356877124787976,0.000569756871418708,12.0840440036981,0.0668641769503212,0.290261681961773,28.9145330420188,0.159991676061903,0.10440564877891,66.9266926692669,0.370322900178791,22.927704214577,16.1319354839621,0.00703670489110226,0.0861827397371427,0.143598523741263,0.3601339432422
30,14,../datasets/Cognato_2001/alignment.nex,44,1975,876,4,0,1,0.046800920598389,4,false,0.103147777819355,Concat.model,Estimated.clock.model,HKY.model,NoHet.model,RelaxedLN.model,Coalescent.model,MCMC.search,87,0.249032415297115,2.71230163590555,173,0.267688018534283,47.6389664014608,9,0.308518585050596,274.262789509767,173,0.085525641462601,77.0557296620119,87,0.0886205386739106,148.001804116744,1,0.000614800981493975,308.264109155903,112.938934145031,70.4699349119052,0.0266517937374415,99990000,23.4117426766346,17.8836986111111,0.00289572575926878,0.635060585670925,0.00316142763890394,0.00608381860305188,11.1542276504835,0.0555274321545403,0.0342798427833996,64.2161201498017,0.319677557835336,0.0009944842030535,18.041893335407,0.0898152735907127,0.0886205386739106,34.6532668632752,0.17250920323473,0.000614800981493975,72.1772177217722,0.359309105545777,26.4436170054691,16.4998898149486,0.0062402733958568,0.234140840850431,0.178854871598271,0.324883989390449
30,15,../datasets/Cognato_2001/alignment.nex,44,1975,876,4,0,1,0.046800920598389,4,false,0.103147777819355,Concat.model,Estimated.clock.model,HKY.model,NoHet.model,RelaxedLN.model,Coalescent.model,MCMC.search,87,0.336942922347995,6.95120090959263,173,0.199061057517687,78.6791979690148,9,0.0596277280285225,669.840426143525,173,0.0727484590150555,134.292588109118,87,0.161826812053569,279.59416933825,1,0.169793021037171,495.928538342523,228.47052765712,164.164513389178,0.0610699183303825,99990000,11.7658080728759,15.8955330555556,0.00391794095753483,0.817946752457918,0.00417417813234587,0.00452411494358379,9.25816924323667,0.0472466544852061,0.00662530311428027,78.8200209366748,0.40223744002436,0.000845912314128552,15.8021883918558,0.0806423511436189,0.161826812053569,32.8998033276229,0.167895574126274,0.169793021037171,58.3558355835584,0.297803802088196,26.8840921964433,19.3172132904704,0.00718608798981383,0.11766984771353,0.158971227678323,0.347501336344417
30,16,../datasets/Cognato_2001/alignment.nex,44,1975,876,4,0,1,0.046800920598389,4,false,0.103147777819355,Concat.model,Estimated.clock.model,HKY.model,NoHet.model,RelaxedLN.model,Coalescent.model,MCMC.search,87,0.638403849194517,23.6776518758451,173,0.245851903298742,63.1543192934093,9,0.00122889638038089,104.561409374335,173,0.047276635089306,93.8390936998414,87,0.0174847417593029,278.918315842455,1,0.0497539742777518,573.038462232221,123.495123832528,69.5826736955611,0.0518342410775004,99990000,10.8701254986192,16.0870202777778,0.00742330057202926,2.57404787881841,0.0208212061691397,0.00558754325678959,6.86564032902517,0.0555354521375155,0.000136544042264544,11.3670931314283,0.0919472367164842,0.000549728314991931,10.2014473966793,0.0825184493333496,0.0174847417593029,30.3218031510251,0.245269919034051,0.0497539742777518,62.2962296229623,0.50390773660946,13.4254174870197,7.56448040404259,0.00563501055743686,0.108712126198812,0.160886291406918,0.407670174800421
30,17,../datasets/Cognato_2001/alignment.nex,44,1975,876,4,0,1,0.046800920598389,4,false,0.103147777819355,Concat.model,Estimated.clock.model,HKY.model,NoHet.model,RelaxedLN.model,Coalescent.model,MCMC.search,87,0.215573810748469,7.3778039451253,173,0.519808553696454,58.9092266689651,9,0.0342811958781905,599.45061000937,173,0.0245588773169758,80.4493783506825,87,0.0576544588034909,247.573064927713,1,0.14812310355642,626.872644716151,198.232446574195,150.186260596231,0.0630724651644152,99990000,12.0120092389892,16.7184311111111,0.00250667221800545,0.886311122635225,0.00455242191203723,0.0118138307658285,7.07688943903709,0.0363495230157421,0.00380902176424339,72.013263983901,0.369886772878239,0.000285568340895067,9.66455321551492,0.0496407217564251,0.0576544588034909,29.7414735797237,0.152763214364325,0.14812310355642,75.3075307530753,0.386807346073231,23.8140812052872,18.0421917176834,0.00757702804561236,0.120132105600452,0.167201031214233,0.383291396130913
30,18,../datasets/Cognato_2001/alignment.nex,44,1975,876,4,0,1,0.046800920598389,4,false,0.103147777819355,Concat.model,Estimated.clock.model,HKY.model,NoHet.model,RelaxedLN.model,Coalescent.model,MCMC.search,87,0.200808564542276,5.06347224804093,173,0.215725027854168,31.2685329196314,9,0.00826307160990754,596.489524844152,173,0.051087941696565,28.4961543686584,87,0.481300156482807,38.6633946094724,1,0.0428152378142755,610.468203864241,138.230756969605,152.752922624849,0.128105281765322,99990000,8.62616589474507,14.0715277777778,0.00233498330863112,0.436827198870276,0.00386392080509407,0.00490284154214018,2.69754527702808,0.0238609256601886,0.000918119067767505,51.4593218900222,0.45517940499382,0.000594045833680988,2.45837138660178,0.0217453317282093,0.481300156482807,3.33550210976399,0.0295039229028859,0.0428152378142755,52.6652665266527,0.465846493909802,11.9252069344534,13.1780383185229,0.0110516792929366,0.0862702859760484,0.140729350712849,0.50937431671404
30,19,../datasets/Cognato_2001/alignment.nex,44,1975,876,4,0,1,0.046800920598389,4,false,0.103147777819355,Concat.model,Estimated.clock.model,HKY.model,NoHet.model,RelaxedLN.model,Coalescent.model,MCMC.search,87,0.0829000731710728,5.30360778157623,173,0.364585038368338,112.52661418022,9,0.0199699281375844,387.93029140429,173,0.0572010954433161,28.6387706793265,87,0.174063968920334,41.0679482908306,1,0.301279895959356,1024.00408256963,153.375400161906,141.988219905223,0.123242079655176,99990000,7.51168880176504,12.9120841666667,0.000963954339198521,0.398430354853686,0.00331585051394831,0.0082860235992804,8.45349442582352,0.0703523802718787,0.00221888090417604,29.1430305611266,0.242536573047024,0.000665129016782745,2.15147047712985,0.0179051480401271,0.174063968920334,3.08520499337632,0.0256759517398706,0.301279895959356,76.9276927692769,0.640214096387151,11.5222349821224,10.6667798924354,0.00925848734525469,0.0751244004576961,0.129133755042171,0.554951991536368
30,2,../datasets/Cognato_2001/alignment.nex,44,1975,876,4,0,1,0.046800920598389,4,false,0.103147777819355,Concat.model,Estimated.clock.model,HKY.model,NoHet.model,RelaxedLN.model,Coalescent.model,MCMC.search,87,0.321183040143791,27.5707794362588,173,0.171629467387668,82.7799984480601,9,0.0359649813749838,1239.6614106243,173,0.0450961618291984,122.693358475493,87,0.167290329496152,161.860525879151,1,0.258836019768207,938.152155790584,320.755143207439,306.302089138952,0.14370861801767,99990000,6.64497753538347,6.0374325,0.00373468651329989,1.83225532540206,0.010716595050786,0.00390066971335608,5.50126242690707,0.0321760842388768,0.00399610904166487,82.3834605968619,0.481848885283073,0.000524373974758121,8.15376148425247,0.0476901656423105,0.167290329496152,10.7566712504482,0.0629142064904028,0.258836019768207,62.3462346234624,0.364654063294551,21.3162388336048,20.3557405877524,0.00955036041972618,0.0664564209959343,0.0603803630363036,0.453725646776593
30,20,../datasets/Cognato_2001/alignment.nex,44,1975,876,4,0,1,0.046800920598389,4,false,0.103147777819355,Concat.model,Estimated.clock.model,HKY.model,NoHet.model,RelaxedLN.model,Coalescent.model,MCMC.search,87,0.117850671920339,8.34573184876002,173,0.336673535017008,180.443185984947,9,0.000272006639320312,26.4246440761245,173,0.163797038843115,293.643398099158,87,0.333940684276564,513.238215377092,1,0.0474660633036539,921.086105657307,236.031488481906,164.293634511962,0.0771432161366721,99990000,9.0230435015292,14.2535041666667,0.0013703566502365,0.75311432666726,0.00429488073509991,0.00765167125038654,16.2830954765147,0.0928596769355757,3.02229599244791e-05,2.38454558467144,0.0135986510028215,0.00190461673073389,26.4982213719928,0.151114772956997,0.333940684276564,46.3143388738345,0.264122663378843,0.0474660633036539,83.1183118311831,0.474009354990663,21.2993538184111,14.8257686891267,0.00696136208669929,0.0902394589611881,0.142549296596326,0.399300571973521
30,21,../datasets/Cognato_2001/alignment.nex,44,1975,876,4,0,1,0.046800920598389,4,false,0.103147777819355,Concat.model,Estimated.clock.model,HKY.model,NoHet.model,RelaxedLN.model,Coalescent.model,MCMC.search,87,0.241843710213162,2.0327938424541,173,0.284932511991611,83.6059385614892,9,0.0183055061961776,894.425447568263,173,0.101240236859831,174.834391057148,87,0.332686722854171,464.20461842885,1,0.0209913118850474,893.672918720267,324.39011551035,237.56574102332,0.0766008444664862,99990000,9.56054482688694,14.5735094444444,0.00281213616526933,0.194365603106333,0.000808983273853113,0.00647573890890024,7.99398263237397,0.0332723390235097,0.00203394513290862,85.5204979076387,0.355951111066811,0.00117721205650966,16.7167920090343,0.0695781810755461,0.332686722854171,44.3849291262823,0.18473775555171,0.0209913118850474,85.4485448544854,0.355651630008571,31.0165640637637,22.7148506489255,0.00732419049204157,0.0956150097698464,0.145749669411386,0.355808197399781
30,22,../datasets/Cognato_2001/alignment.nex,44,1975,876,4,0,1,0.046800920598389,4,false,0.103147777819355,Concat.model,Estimated.clock.model,HKY.model,NoHet.model,RelaxedLN.model,Coalescent.model,MCMC.search,87,0.308574633989647,30.2166591864172,173,0.0546668976817053,142.461560541651,9,0.00011804308657675,12.4593161339007,173,0.291229630344286,419.989523860456,87,0.218287613018442,537.306759775036,1,0.127123181879343,986.200385017513,268.00776062093,206.29524866694,0.0994515968889603,99990000,7.73980634763639,12.8998377777778,0.0035880771394145,2.338944800234,0.0141953272771459,0.00124242949276603,11.0273516409087,0.066926276125546,1.31158985085278e-05,0.964423383342069,0.00585319737297921,0.00338639105051496,32.5096267898384,0.197304695644574,0.218287613018442,41.5906617655242,0.252418550183668,0.127123181879343,76.3376337633763,0.463301953396087,20.7453562043173,15.9684495961557,0.0076981308219197,0.0774058040567696,0.129011278905668,0.394133472856863
30,23,../datasets/Cognato_2001/alignment.nex,44,1975,876,4,0,1,0.046800920598389,4,false,0.103147777819355,Concat.model,Estimated.clock.model,HKY.model,NoHet.model,RelaxedLN.model,Coalescent.model,MCMC.search,87,0.229234379083452,2.91241035967937,173,0.254950775775888,176.748331075765,9,0.0988737958555643,883.413335160228,173,0.198476801907968,325.980658767768,87,0.0134375098297763,537.336666611098,1,0.205026737547351,952.105451222794,407.73079530275,239.183661901679,0.0674059321779165,99990000,8.70281751812076,13.9637233333333,0.0026655160358541,0.25348710769251,0.00101178167224479,0.00579433581308837,15.383623082156,0.0614029961086945,0.0109859773172849,76.8895394436835,0.306900920936899,0.00230786978962753,28.3723391108379,0.113246835203478,0.0134375098297763,46.7681063637531,0.186672660772321,0.205026737547351,82.8682868286829,0.330764805306363,35.487615841965,20.8177994084029,0.00586680195402772,0.0870368788690945,0.139651198453179,0.297270490683661
30,24,../datasets/Cognato_2001/alignment.nex,44,1975,876,4,0,1,0.046800920598389,4,false,0.103147777819355,Concat.model,Estimated.clock.model,HKY.model,NoHet.model,RelaxedLN.model,Coalescent.model,MCMC.search,87,0.523903971856741,11.0960420182198,173,0.153554113118717,11.0960420182198,9,2.22848161252514e-05,0.71673258425193,173,0.0366441516891763,107.644153642038,87,0.265730851430178,297.332416575322,1,0.0201446270890625,504.992175771307,73.1635714760452,86.2164757550898,0.137528632003568,99990000,8.56844958714676,14.1335897222222,0.00609190664949699,0.950853851884976,0.0118944248023106,0.00348986620724356,0.950853851884976,0.0118944248023106,2.47609068058349e-06,0.0614190120574865,0.000768302950975852,0.000426094787083445,9.2243574740762,0.115389369362626,0.265730851430178,25.479326153117,0.318726088495098,0.0201446270890625,43.2743274327433,0.541327389586678,6.26961069915093,7.38815407629711,0.0117852500261209,0.0856930651779854,0.141350032225445,0.491480668054737
30,25,../datasets/Cognato_2001/alignment.nex,44,1975,876,4,0,1,0.046800920598389,4,false,0.103147777819355,Concat.model,Estimated.clock.model,HKY.model,NoHet.model,RelaxedLN.model,Coalescent.model,MCMC.search,87,0.209020208247591,4.48778990136428,173,0.360719615549625,37.9689854529048,9,0.39107869376831,392.833107317623,173,0.0150294403239552,16.1073787119165,87,0.00693896554644281,19.5426379476093,1,0.0172130765640761,437.497908363506,97.6162232337317,104.119366973711,0.082958897631525,99990000,12.8572043259378,17.13361,0.00243046753776269,0.577062023539561,0.0049401179292082,0.00819817308067329,4.88223826399196,0.0417959106625555,0.0434531881964789,50.512406508408,0.432427078650987,0.000174760933999479,2.07116570911462,0.0177308546336127,0.00693896554644281,2.51288818042042,0.021512356467414,0.0172130765640761,56.2556255625563,0.481593681656223,12.5519724736718,13.3881785725402,0.0106672617012008,0.128584901749553,0.171353235323532,0.504784561466812
30,26,../datasets/Cognato_2001/alignment.nex,44,1975,876,4,0,1,0.046800920598389,4,false,0.103147777819355,Concat.model,Estimated.clock.model,HKY.model,NoHet.model,RelaxedLN.model,Coalescent.model,MCMC.search,87,0.356654927170811,36.6401193265993,173,0.430645372046767,76.5609180719178,9,0.0165433150945671,831.879903559965,173,0.0351888463903739,104.303464027405,87,0.0423978981045991,301.961529570958,1,0.118569641192881,661.650190338916,259.977337211954,204.628919569005,0.0818332483575736,99990000,9.61837552973449,14.8180888888889,0.00414715031593967,3.52453672504765,0.0182017833385032,0.0097873948192447,7.36465307447686,0.0380333161723708,0.00183814612161857,80.021335214312,0.413254597597917,0.000409172632446208,10.0333021908965,0.0518150346825961,0.0423978981045991,29.0466985393189,0.150006016323849,0.118569641192881,63.6463646364637,0.328689251884764,25.0080973949894,19.6839463212174,0.0078718163168434,0.0961933746348084,0.148195708459735,0.372979571668469
30,27,../datasets/Cognato_2001/alignment.nex,44,1975,876,4,0,1,0.046800920598389,4,false,0.103147777819355,Concat.model,Estimated.clock.model,HKY.model,NoHet.model,RelaxedLN.model,Coalescent.model,MCMC.search,87,0.292111013471989,17.7497726414184,173,0.233604192780146,58.8811725102661,9,0.00180875702209079,393.587171389082,173,0.0104952098776181,67.6688904027316,87,0.00720933168943095,92.7735194062326,1,0.454771495158726,954.834011909816,131.818874072122,96.7340471092795,0.12474559441236,99990000,5.88269786155305,11.4591875,0.00339663969153475,1.04426992259951,0.0111951017257385,0.00530918619954877,3.46414789090788,0.0371374174362669,0.000200973002454532,23.1558597006227,0.248242527420584,0.00012203732415835,3.98115448410658,0.0426799895993424,0.00720933168943095,5.45813165536349,0.0585139318789918,0.454771495158726,56.1756175617562,0.602231031939076,7.75528161432546,5.69114083477479,0.00733914032891045,0.0588328619017207,0.114603335333533,0.514188565991623
30,28,../datasets/Cognato_2001/alignment.nex,44,1975,876,4,0,1,0.046800920598389,4,false,0.103147777819355,Concat.model,Estimated.clock.model,HKY.model,NoHet.model,RelaxedLN.model,Coalescent.model,MCMC.search,87,0.264579492950595,3.87803654740615,173,0.213516489200345,68.4701064994242,9,0.0897682836617366,674.600543410283,173,0.0476264330013937,74.1997339321501,87,0.349924994483692,101.047638287041,1,0.0345843067022379,785.716175930061,192.111616948042,173.616984175382,0.0963466873507721,99990000,9.37997743431468,14.5500177777778,0.00307650573198366,0.363795332574431,0.00227062987712595,0.00485264748182601,6.42312285118234,0.0400899443847622,0.00997425374019295,63.2837071143602,0.394985485636364,0.000553795732574346,6.96061436059327,0.0434446995745372,0.349924994483692,9.47919358859121,0.0591644208874292,0.0345843067022379,73.7073707370737,0.460044819639781,18.0218285012735,16.286862624051,0.00903820135234737,0.0938091552586727,0.145514729250703,0.456057379388828
30,29,../datasets/Cognato_2001/alignment.nex,44,1975,876,4,0,1,0.046800920598389,4,false,0.103147777819355,Concat.model,Estimated.clock.model,HKY.model,NoHet.model,RelaxedLN.model,Coalescent.model,MCMC.search,87,0.144464052557924,6.83061848362843,173,0.450084712691363,190.939203082931,9,0.0606635347692946,786.098701945469,173,0.236968586497977,350.252055604761,87,0.0072086986304677,535.147446615427,1,0.100610414852975,835.569030698517,401.097813682411,218.423854625304,0.0571778962817828,99990000,9.52404853175002,14.8496286111111,0.00167981456462702,0.650616481047564,0.00252533455477057,0.0102291980157128,18.1869610638615,0.0705917580613496,0.00674039275214384,74.8759094716906,0.290627008409444,0.00275544868020903,33.3615119104405,0.129491000122184,0.0072086986304677,50.9727998120555,0.197848312283033,0.100610414852975,79.5879587958796,0.308916586569219,38.2045708919903,20.8048744068738,0.00544619521083176,0.0952500103185321,0.148511137224834,0.272265121186368
30,3,../datasets/Cognato_2001/alignment.nex,44,1975,876,4,0,1,0.046800920598389,4,false,0.103147777819355,Concat.model,Estimated.clock.model,HKY.model,NoHet.model,RelaxedLN.model,Coalescent.model,MCMC.search,87,0.321183040143791,10.0764712380539,173,0.171629467387668,90.9737607626405,9,0.0359649813749838,1013.51159232893,173,0.0450961618291984,150.268080392409,87,0.167290329496152,397.893492862084,1,0.258836019768207,981.54533231251,335.208499864018,251.435729066317,0.112095760207357,99990000,6.69148920969942,6.04047333333333,0.00373468651329989,0.674333418954739,0.00381068350736342,0.00390066971335608,6.08810819590945,0.0344041283452294,0.00399610904166487,67.8258014198855,0.383286154266384,0.000524373974758121,10.0561780028808,0.0568278400351098,0.167290329496152,26.6276629072533,0.150473924364578,0.258836019768207,65.6865686568657,0.371197269481336,22.4326838667827,16.8264773275344,0.00750162586139197,0.0669215842554198,0.0604107744107744,0.38091861719896
30,30,../datasets/Cognato_2001/alignment.nex,44,1975,876,4,0,1,0.046800920598389,4,false,0.103147777819355,Concat.model,Estimated.clock.model,HKY.model,NoHet.model,RelaxedLN.model,Coalescent.model,MCMC.search,87,0.0685148202419562,7.24720484276643,173,0.34248424156687,296.225103421584,9,0.00469664111183054,591.109347079682,173,0.362098738006419,489.16584616973,87,0.0727666100187374,773.366749357386,1,0.149438949054187,944.955629619614,472.155442413922,213.612858854498,0.0523469344371992,99990000,8.64273384273881,14.32703,0.000796683956301816,0.626419267525133,0.00233624809303776,0.00778373276288341,25.6045077148768,0.0954927241596246,0.000521849012425615,51.093116899338,0.190553201524321,0.00421045044193511,42.2815302870597,0.157690144005506,0.0727666100187374,66.8467144466445,0.249306682038715,0.149438949054187,81.6781678167817,0.304621000178796,40.8112193337746,18.4638372283824,0.00452465868410853,0.0864359820255907,0.143284628462846,0.24203745855268
30,31,../datasets/Cognato_2001/alignment.nex,44,1975,876,4,0,1,0.046800920598389,4,false,0.103147777819355,Concat.model,Estimated.clock.model,HKY.model,NoHet.model,RelaxedLN.model,Coalescent.model,MCMC.search,87,0.294388964958731,10.9052034845564,173,0.126493404530403,46.2453417302525,9,0.017975623504537,1071.23119900929,173,0.058495695813302,164.137822121459,87,0.215495288033821,293.204853088731,1,0.287151023159207,1067.08845252804,312.263136383341,252.98935420865,0.118057318619348,99990000,6.86259886202597,12.1372925,0.00342312749952012,0.748455215754357,0.00411080766374961,0.0028748501029637,3.17394969028936,0.0174325683575427,0.00199729150050411,73.5216522381026,0.403809560158264,0.000680182509457,11.2652468377452,0.0618731248842453,0.215495288033821,20.1234852599982,0.11052602171364,0.287151023159207,73.2373237323732,0.402247917222559,21.4315095949293,17.3633808810578,0.00810261046515624,0.0686328519054503,0.121385063506351,0.417808519966269
30,32,../datasets/Cognato_2001/alignment.nex,44,1975,876,4,0,1,0.046800920598389,4,false,0.103147777819355,Concat.model,Estimated.clock.model,HKY.model,NoHet.model,RelaxedLN.model,Coalescent.model,MCMC.search,87,0.0810535980153129,10.0214475604466,173,0.448749239207073,100.291912494388,9,0.150644661801771,410.98108777276,173,0.245080517976042,45.7448433408074,87,0.0649944453809857,60.1094359505734,1,0.009477537618815,427.851830104767,151.635538488385,130.124838202442,0.0436832438432692,99990000,19.6446512755172,18.5718941666667,0.000942483697852476,1.96887531353992,0.00949899740983858,0.0101988463456153,19.7039668637558,0.0950633739552788,0.0167382957557524,80.743875888875,0.389555327680836,0.0028497734648377,8.98731368220151,0.0433600181796927,0.0649944453809857,11.8094700231729,0.0569757385804163,0.009477537618815,84.0584058405841,0.405546544193937,29.7912518709831,25.5651272004208,0.00858227914675877,0.19646615937111,0.185737515418208,0.404732366074648
30,33,../datasets/Cognato_2001/alignment.nex,44,1975,876,4,0,1,0.046800920598389,4,false,0.103147777819355,Concat.model,Estimated.clock.model,HKY.model,NoHet.model,RelaxedLN.model,Coalescent.model,MCMC.search,87,0.312448668367066,9.15985232748417,173,0.0758734794906566,21.1954026140585,9,0.290901126744083,757.55510150914,173,0.019772990066131,46.513304676263,87,0.261125939194647,81.8592198857577,1,0.0398777961374162,492.110065684034,163.822999969862,197.910700513093,0.112873848105959,99990000,10.7028902013594,15.7395369444444,0.00363312405077984,0.980466983915689,0.006503761857774,0.00172439726115129,2.26874754427318,0.0150493529975214,0.0323223474160093,81.0883995692772,0.537886179624741,0.000229918489141058,4.97876580510473,0.0330258006370707,0.261125939194647,8.76217864192622,0.0581224295944902,0.0398777961374162,52.6752675267527,0.349412475288403,17.535549366284,21.1842834009977,0.0120819722260526,0.107039605974192,0.1574111105555,0.499481386765747
30,34,../datasets/Cognato_2001/alignment.nex,44,1975,876,4,0,1,0.046800920598389,4,false,0.103147777819355,Concat.model,Estimated.clock.model,HKY.model,NoHet.model,RelaxedLN.model,Coalescent.model,MCMC.search,87,0.050447259198262,5.6941406234193,173,0.58486163012082,156.654919083819,9,0.0933492834765047,780.084879851377,173,0.11071713910059,245.627998487432,87,0.0803817220762167,445.198036992666,1,0.0802429660276066,730.44061824935,340.699555254473,204.707202522916,0.0536922790623133,99990000,11.1905058341233,16.1612777777778,0.000586596037189093,0.637266865353458,0.00240899403231878,0.0132923097754732,17.5322310826242,0.0662752801808548,0.0103721426085005,87.304174408323,0.330026942526688,0.00128740859419291,27.4897644774241,0.103916713980152,0.0803817220762167,49.824894792546,0.188347897469267,0.0802429660276066,81.7481748174818,0.30902417181072,38.1298165892429,22.9100624474423,0.00600903852479442,0.11191624996623,0.161628940671845,0.297353131530463
30,35,../datasets/Cognato_2001/alignment.nex,44,1975,876,4,0,1,0.046800920598389,4,false,0.103147777819355,Concat.model,Estimated.clock.model,HKY.model,NoHet.model,RelaxedLN.model,Coalescent.model,MCMC.search,87,0.20171518979202,25.0975293234515,173,0.320466766218756,14.7519658821878,9,0.0364302883962425,1018.73437152412,173,0.00113597395892206,22.3349063633443,87,0.0139170038454578,55.4649348787518,1,0.426334777788602,460.270832036092,201.398470896206,272.445300209305,0.185696215208043,99990000,7.28484137299641,13.1603472222222,0.00234552546269791,1.82849804955965,0.0157188225095496,0.00728333559588081,1.07476479039497,0.00923929723840846,0.00404780982180472,74.220605038228,0.63804307443929,1.32089995223495e-05,1.6272252218991,0.0139885653431537,0.0139170038454578,4.04093661721455,0.034738218875121,0.426334777788602,33.5333533353335,0.288272021594477,14.6730264350724,19.8491928677185,0.0135290276163256,0.0728556992998941,0.131616633885611,0.570322651148421
30,36,../datasets/Cognato_2001/alignment.nex,44,1975,876,4,0,1,0.046800920598389,4,false,0.103147777819355,Concat.model,Estimated.clock.model,HKY.model,NoHet.model,RelaxedLN.model,Coalescent.model,MCMC.search,87,0.245163276944633,3.60443519223759,173,0.0729122217938428,19.9927668992858,9,0.43369307856735,794.488480285391,173,0.00950035387211821,24.0044720787016,87,0.00352787595607554,47.4413091068432,1,0.235203192865981,417.803164029904,155.409579387178,213.026300299404,0.131292979221914,99990000,10.4403230409423,15.1641583333333,0.00285073577842596,0.376352313102323,0.00275708691268711,0.00165709594986006,2.08751820092811,0.0152927693318315,0.0481881198408166,82.955459410809,0.607716236927458,0.000110469231071142,2.50639506879612,0.0183613832082985,0.00352787595607554,4.95352127773418,0.0362885737940048,0.235203192865981,43.6243624362436,0.31958394982572,16.2268848130724,22.2428581992455,0.0137087820390489,0.104413671776601,0.151656749008234,0.55378852484339
30,37,../datasets/Cognato_2001/alignment.nex,44,1975,876,4,0,1,0.046800920598389,4,false,0.103147777819355,Concat.model,Estimated.clock.model,HKY.model,NoHet.model,RelaxedLN.model,Coalescent.model,MCMC.search,87,0.306044076769906,4.15825900030198,173,0.379374795101949,33.4531206593016,9,0.0235347591245648,675.699161559934,173,0.0119496506614555,53.7057229448969,87,0.247507401205343,160.051932146647,1,0.0315893171367819,641.263128807929,173.988725818753,167.236811913727,0.0952965176177238,99990000,10.0863432020856,14.8681927777778,0.00355865205546403,0.419458219824055,0.00265139064284547,0.00862215443413519,3.37453401490646,0.0213303911765986,0.00261497323606275,68.1601524637963,0.43083954948656,0.000138949426295994,5.41748528391193,0.0342438629419211,0.247507401205343,16.1450016780478,0.102052372214463,0.0315893171367819,64.6864686468647,0.408882433537612,17.5508551045256,16.8697657864236,0.00961289511607121,0.100873519372793,0.148696797457524,0.445185623616292
30,38,../datasets/Cognato_2001/alignment.nex,44,1975,876,4,0,1,0.046800920598389,4,false,0.103147777819355,Concat.model,Estimated.clock.model,HKY.model,NoHet.model,RelaxedLN.model,Coalescent.model,MCMC.search,87,0.223065470607634,48.7641644531037,173,0.142667838069481,95.9131252742494,9,0.106615832584138,901.609314953791,173,0.0944287259535149,160.394518385056,87,0.276583557494072,321.729175299069,1,0.15663857529116,873.422652392123,310.343786043535,208.653183339399,0.0807518613999196,99990000,8.32586603986456,13.9057180555556,0.00259378454194923,4.0604450523299,0.0203028959352591,0.00324245086521547,7.98639696467795,0.0399333039560492,0.0118462036204598,75.0742911951127,0.375383856179289,0.00109800844131994,13.355568292855,0.0667800474360539,0.276583557494072,26.7894190884703,0.133951520316022,0.15663857529116,72.7272727272727,0.363648376177327,25.8413920282314,17.3739219249438,0.00672396420127453,0.0832669870973553,0.139071087664322,0.361795488070972
30,39,../datasets/Cognato_2001/alignment.nex,44,1975,876,4,0,1,0.046800920598389,4,false,0.103147777819355,Concat.model,Estimated.clock.model,HKY.model,NoHet.model,RelaxedLN.model,Coalescent.model,MCMC.search,87,0.259035372856439,13.8131515704024,173,0.275420187961919,106.271172958767,9,0.0862719924531745,806.003376725392,173,0.0897644163812451,177.118417990848,87,0.1183657809187,370.807706569573,1,0.171142249428522,817.264475717584,299.773048916181,200.705468076175,0.0700792486153285,99990000,9.55382282234197,14.1359875,0.00301203921926092,1.31981600881867,0.00602857870262342,0.00625954972640726,10.1539749732025,0.0463807355429873,0.00958577693924161,77.0118357380113,0.351770178326343,0.00104377228350285,16.9232721677974,0.0773011370431861,0.1183657809187,35.429854282675,0.161834425055023,0.171142249428522,78.0878087808781,0.356684945329836,28.6426502276072,19.176962511001,0.00669591683962099,0.0955477830017199,0.14137401240124,0.344460600402674
30,4,../datasets/Cognato_2001/alignment.nex,44,1975,876,4,0,1,0.046800920598389,4,false,0.103147777819355,Concat.model,Estimated.clock.model,HKY.model,NoHet.model,RelaxedLN.model,Coalescent.model,MCMC.search,87,0.321183040143791,45.0999026396102,173,0.171629467387668,93.3541779186785,9,0.0359649813749838,1217.38054443786,173,0.0450961618291984,156.730111227747,87,0.167290329496152,381.693901008398,1,0.258836019768207,1186.05324216374,360.666177782925,292.580696626803,0.12219375950214,99990000,6.63882507132254,6.058205,0.00373468651329989,2.99440308388888,0.0146413429566272,0.00390066971335608,6.19824039283156,0.0303067291799631,0.00399610904166487,80.8278475823017,0.395213404389609,0.000524373974758121,10.406078526352,0.0508812475373364,0.167290329496152,25.3425246483194,0.123914043756906,0.258836019768207,78.7478747874788,0.385043232179558,23.9463912735609,19.4258632278331,0.0081130412455442,0.0663948902022456,0.0605881088108811,0.396057719705278
30,40,../datasets/Cognato_2001/alignment.nex,44,1975,876,4,0,1,0.046800920598389,4,false,0.103147777819355,Concat.model,Estimated.clock.model,HKY.model,NoHet.model,RelaxedLN.model,Coalescent.model,MCMC.search,87,0.392422981296607,9.41256537668211,173,0.142082817442605,64.5402127063595,9,0.00661630846012206,771.421741349792,173,0.0701151596253952,140.478202734045,87,0.123687848664674,218.71801518368,1,0.265074884510597,976.017308479333,248.839656149109,187.403209531889,0.0912761371532954,99990000,8.2508782682828,13.7983697222222,0.00456305792205357,0.776696980850661,0.00431652617498408,0.00322915494187738,5.32566695118763,0.0295976183258387,0.000735145384458006,63.6554343572745,0.353767756741142,0.000815292553783665,11.5918446855261,0.0644221649305528,0.123687848664674,18.0479619798077,0.10030230863732,0.265074884510597,80.5380538053805,0.447593625190162,20.5335104631228,15.4639570850396,0.00753183614812407,0.0825170343862666,0.137997496971919,0.417049675955949
30,41,../datasets/Cognato_2001/alignment.nex,44,1975,876,4,0,1,0.046800920598389,4,false,0.103147777819355,Concat.model,Estimated.clock.model,HKY.model,NoHet.model,RelaxedLN.model,Coalescent.model,MCMC.search,87,0.306277053535369,7.50990795442357,173,0.260904093822214,129.154913173005,9,0.167068622316918,501.719372169163,173,0.141985024471544,116.97458233847,87,0.112741494046876,157.02612488019,1,0.0110237118070788,622.683200113054,202.772292827416,133.474547654525,0.0524814663154006,99990000,12.5424935160962,15.8504002777778,0.00356136108762057,0.942023920640431,0.00489223113381729,0.00592963849595941,16.2008666971135,0.0841362758565184,0.0185631802574353,62.9344131646322,0.326838510919358,0.00165098865664586,14.6729967049537,0.0762015589344814,0.112741494046876,19.6969612277977,0.102292611523827,0.0110237118070788,78.1078107810781,0.405638811631998,25.4352452048387,16.7427107562832,0.00658314282404372,0.125437478908853,0.158519854763254,0.357872734156176
30,42,../datasets/Cognato_2001/alignment.nex,44,1975,876,4,0,1,0.046800920598389,4,false,0.103147777819355,Concat.model,Estimated.clock.model,HKY.model,NoHet.model,RelaxedLN.model,Coalescent.model,MCMC.search,87,0.154923370043258,3.48598136075623,173,0.0716756840789035,68.2750868502141,9,0.446219503573881,657.353802756523,173,0.185527851067317,201.831039793198,87,0.0562412371461375,302.97272876088,1,0.0854123540905035,652.821527950532,261.442105521311,170.244736186588,0.0549510717106488,99990000,11.8500994050953,16.5017230555556,0.00180143453538672,0.413133569849692,0.00184762132107826,0.00162899281997508,8.09147480814633,0.0361867988116724,0.0495799448415424,77.9048695567778,0.348407170255595,0.00215730059380601,23.9195708029117,0.106973415456361,0.0562412371461375,35.9061601445085,0.160579996114043,0.0854123540905035,77.3677367736774,0.34600499804125,30.9842478158311,20.1761880888619,0.00651240786266335,0.118512845335487,0.165033733928948,0.336128685427974
30,43,../datasets/Cognato_2001/alignment.nex,44,1975,876,4,0,1,0.046800920598389,4,false,0.103147777819355,Concat.model,Estimated.clock.model,HKY.model,NoHet.model,RelaxedLN.model,Coalescent.model,MCMC.search,87,0.0997047454566914,58.8443522045801,173,0.344981802068286,181.048520021741,9,0.146041537678986,657.26992876748,173,0.327691160402113,320.521386741613,87,0.0350244690046064,353.04552081155,1,0.0465562853893161,708.102587545859,343.83734002343,157.032587034119,0.0372531646853346,99990000,12.2595230587797,16.8617975,0.00115935750531037,7.21475840315033,0.0258221512418759,0.00784049550155196,22.1979048501296,0.0794479349499118,0.0162268375198873,80.5862170973836,0.288424001140586,0.00381036233025713,39.2983231482233,0.140651590418112,0.0350244690046064,43.2860256344442,0.154923871061888,0.0465562853893161,86.8186818681868,0.310730451187627,42.1570336882359,19.2533715544015,0.00456751706643041,0.12260749133693,0.168634838483848,0.252662194712728
30,44,../datasets/Cognato_2001/alignment.nex,44,1975,876,4,0,1,0.046800920598389,4,false,0.103147777819355,Concat.model,Estimated.clock.model,HKY.model,NoHet.model,RelaxedLN.model,Coalescent.model,MCMC.search,87,0.284659776687158,5.53754854427368,173,0.354882074788974,116.153971143815,9,0.0559165033016658,735.85500737341,173,0.0792741134663571,161.639435080626,87,0.121214200823465,243.432785840027,1,0.10405333093238,694.43381734939,260.164911445124,171.298635057252,0.0624206680806813,99990000,10.5481614186922,16.0478013888889,0.00330999740333905,0.584167975886018,0.00282953490487138,0.00806550169974941,12.2533337038412,0.0593514825311488,0.0062129448112962,77.6269366789448,0.376001656986025,0.000921792017050663,17.0516936979365,0.0825933027778653,0.121214200823465,25.6802512215475,0.124387453945974,0.10405333093238,73.2573257325733,0.354836568854116,27.4453593499644,18.0706636002154,0.00658489131690805,0.105492163403263,0.160494063295218,0.355589745486386
30,45,../datasets/Cognato_2001/alignment.nex,44,1975,876,4,0,1,0.046800920598389,4,false,0.103147777819355,Concat.model,Estimated.clock.model,HKY.model,NoHet.model,RelaxedLN.model,Coalescent.model,MCMC.search,87,0.64770724979548,19.732275114047,173,0.11884960836329,142.087266071219,9,0.000505967484115553,80.9587331229591,173,0.189057699069958,289.135596595109,87,0.00286330152810035,359.613177111982,1,0.041016173759056,847.058925016467,211.893576070933,130.967484634858,0.0651994261749208,99990000,9.47985997531859,14.8403019444444,0.00753147964878465,1.87077912866916,0.0113496113624093,0.00270112746280205,13.4710209684068,0.0817257635085163,5.62186093461726e-05,7.6755420920576,0.0465658497070361,0.00219834533802276,27.4123909351119,0.16630503241143,0.00286330152810035,34.094235066517,0.206842332038882,0.041016173759056,80.3080308030803,0.487211410971726,20.0892232305427,12.4167758341648,0.00618143244933864,0.0948080805612421,0.148417861230568,0.387460577221876
30,46,../datasets/Cognato_2001/alignment.nex,44,1975,876,4,0,1,0.046800920598389,4,false,0.103147777819355,Concat.model,Estimated.clock.model,HKY.model,NoHet.model,RelaxedLN.model,Coalescent.model,MCMC.search,87,0.25594268229445,17.4312205558287,173,0.321333734307724,158.789608384426,9,0.019875351903748,733.514656395243,173,0.253293554210932,307.38166605277,87,0.144569338460957,516.076773587689,1,0.00498533882218901,770.135059945077,378.986459667436,217.785628003094,0.053179555886928,99990000,10.8058968261924,16.1545863888889,0.00297607770109826,1.88378808761765,0.00696321604584406,0.00730303941608464,17.1603572884649,0.0634313785127347,0.00220837243374978,79.2707640514748,0.29301568463978,0.00294527388617362,33.21866756305,0.122789161114781,0.144569338460957,55.772300927921,0.206156193091803,0.00498533882218901,83.2283228322832,0.307644366595056,40.9569815150539,23.5360438686764,0.00574710265203397,0.108069775239448,0.161562020090898,0.274747449980941
30,47,../datasets/Cognato_2001/alignment.nex,44,1975,876,4,0,1,0.046800920598389,4,false,0.103147777819355,Concat.model,Estimated.clock.model,HKY.model,NoHet.model,RelaxedLN.model,Coalescent.model,MCMC.search,87,0.16277735038921,16.0161388758816,173,0.551401746376238,87.7552713001377,9,0.0225025946363505,294.872518075657,173,0.165321179944232,118.339186764156,87,0.0814283820356173,179.287400735465,1,0.0165687466183521,329.599523347288,146.86475460019,72.8278889534655,0.0181583319306463,99990000,27.3088987162034,19.4359897222222,0.00189275988824663,4.37426857071805,0.0156122493741553,0.0125318578721872,23.9673948969738,0.0855422889406604,0.00250028829292783,80.5344907522749,0.287436523962389,0.00192233930167712,32.3203606910711,0.11535494970507,0.0814283820356173,48.9663113088926,0.174766192502319,0.0165687466183521,90.01900190019,0.321287795515406,40.1111581993866,19.890483479799,0.00495933640913312,0.273116298791913,0.194379335155738,0.265688065556225
30,48,../datasets/Cognato_2001/alignment.nex,44,1975,876,4,0,1,0.046800920598389,4,false,0.103147777819355,Concat.model,Estimated.clock.model,HKY.model,NoHet.model,RelaxedLN.model,Coalescent.model,MCMC.search,87,0.128801218028909,15.3825586210348,173,0.0885730156395263,208.260867110878,9,0.139062946652796,821.864817514382,173,0.508666012985048,168.140500594995,87,0.053113105612772,247.562864549699,1,0.0817837010809481,926.568267378983,355.615387974418,261.038253673689,0.0779534960512919,99990000,9.41646752557231,14.6698169444444,0.0014976885817315,1.44863850100196,0.00644220130051748,0.00201302308271651,19.6127781977909,0.0872194582189957,0.0154514385169773,77.3983734826942,0.344196224222453,0.00591472108122149,15.8344790837708,0.0704170858885288,0.053113105612772,23.3140081465136,0.103679098338103,0.0817837010809481,87.2587258725873,0.388045932031402,33.4897565001991,24.583040690573,0.00734119976069426,0.0941740926649896,0.146712840728517,0.354599318577027
30,49,../datasets/Cognato_2001/alignment.nex,44,1975,876,4,0,1,0.046800920598389,4,false,0.103147777819355,Concat.model,Estimated.clock.model,HKY.model,NoHet.model,RelaxedLN.model,Coalescent.model,MCMC.search,87,0.151571067679437,8.49150068468983,173,0.377904979866962,101.59553755707,9,0.000325065554287781,29.2183528881762,173,0.0633751150826589,205.703950108724,87,0.0885288549545546,536.729919548198,1,0.3182949168621,1077.23752874884,202.321021013505,155.88589063686,0.103003032873303,99990000,7.48024440752541,13.0309741666667,0.00176245427534229,0.635248529934486,0.00433466120172992,0.00858874954243095,7.60035455186325,0.0518615320506931,3.61183949208646e-05,2.18582279016786,0.0149151092775843,0.000736919942821615,15.3886970937761,0.1050058128343,0.0885288549545546,40.152725063026,0.273984828414128,0.3182949168621,80.5880588058806,0.549898056221564,15.1356204216532,11.6618117976646,0.00770564917100392,0.0748099250677608,0.130322773944061,0.474073813639649
30,5,../datasets/Cognato_2001/alignment.nex,44,1975,876,4,0,1,0.046800920598389,4,false,0.103147777819355,Concat.model,Estimated.clock.model,HKY.model,NoHet.model,RelaxedLN.model,Coalescent.model,MCMC.search,87,0.321183040143791,5.68424258989874,173,0.171629467387668,94.7762166836544,9,0.0359649813749838,842.541346011888,173,0.0450961618291984,27.6928459294601,87,0.167290329496152,37.5782761390166,1,0.258836019768207,1071.11269905362,216.389192126149,233.275062387522,0.15761625441093,99990000,6.8396164161557,6.27059055555556,0.00373468651329989,0.388819271239953,0.00273361637096586,0.00390066971335608,6.4829779727038,0.0455789515326193,0.00399610904166487,57.6323594506734,0.405187635863151,0.000524373974758121,1.89427386367843,0.0133178019400393,0.167290329496152,2.57046699041154,0.0180718168202109,0.258836019768207,73.2673267326733,0.515110177473014,14.8016708745343,15.9567151333678,0.0107814253537551,0.0684030044620032,0.0627121767732329,0.515206479403119
30,50,../datasets/Cognato_2001/alignment.nex,44,1975,876,4,0,1,0.046800920598389,4,false,0.103147777819355,Concat.model,Estimated.clock.model,HKY.model,NoHet.model,RelaxedLN.model,Coalescent.model,MCMC.search,87,0.112887935637521,12.8396394837366,173,0.24143083936898,96.6347887368286,9,0.359323581168281,710.208162955351,173,0.118861177821141,190.077120269473,87,0.00988955861549458,274.705137372108,1,0.157606907388582,674.725905306463,257.079696231933,157.229180068587,0.0522156603025406,99990000,11.7129043628619,15.4416211111111,0.00131265041438978,1.5040450977761,0.00655354230143751,0.00548706453111318,11.3198723732357,0.0493238284906251,0.0399248423520313,83.1943223364321,0.362500773066845,0.00138210671885047,22.2657778906344,0.0970181795056831,0.00988955861549458,32.1791679370571,0.140213573790032,0.157606907388582,79.037903790379,0.344390102845377,30.1145104070229,18.4179452864742,0.00611658201187461,0.117140757704389,0.154431654276539,0.338958477027028
30,51,../datasets/Cognato_2001/alignment.nex,44,1975,876,4,0,1,0.046800920598389,4,false,0.103147777819355,Concat.model,Estimated.clock.model,HKY.model,NoHet.model,RelaxedLN.model,Coalescent.model,MCMC.search,87,0.432460803387058,22.9489182583715,173,0.239910283407967,264.683912834708,9,0.0323073962230791,829.070389000599,173,0.279146414478684,411.62947475164,87,0.00212749579398618,530.889613446911,1,0.0140476067092255,884.209257895309,438.383663171719,205.296227890146,0.0554989320454769,99990000,8.43804781886076,7.56733805555556,0.00502861399287277,1.93663435998865,0.00779665425960487,0.00545250644109015,22.3363887727016,0.0899235830298369,0.00358971069145324,69.9643523111165,0.281667968273659,0.00324588854044982,34.73696561263,0.139846796331263,0.00212749579398618,44.8011995679722,0.18036417749455,0.0140476067092255,74.6174617461746,0.300400820611086,36.9947226007632,17.3247263523231,0.00468349477443182,0.0843889170803156,0.0756809486504206,0.25128914078911
30,52,../datasets/Cognato_2001/alignment.nex,44,1975,876,4,0,1,0.046800920598389,4,false,0.103147777819355,Concat.model,Estimated.clock.model,HKY.model,NoHet.model,RelaxedLN.model,Coalescent.model,MCMC.search,87,0.268288176668278,16.3031568659481,173,0.11473469749185,304.190324912608,9,0.00339055045705623,508.011886409019,173,0.571902718683093,453.259078429854,87,0.0330552070596613,703.021768466065,1,0.00862864964006165,1227.87681141172,480.037749696177,222.120229626707,0.0636874676772749,99990000,7.26538681819664,6.59971305555556,0.00311962996125905,1.18460587047556,0.00507465511679687,0.0026076067611784,22.1028140498351,0.0946847902826766,0.000376727828561803,36.9127199020232,0.158127971162673,0.00665003161259411,32.934318768399,0.141085160407977,0.0330552070596613,51.0823591310995,0.218828355998797,0.00862864964006165,89.2189218921892,0.38219906703108,34.8800873975336,16.1395078346304,0.00462760364183216,0.0726611342953959,0.0660037309286484,0.284948677745123
30,53,../datasets/Cognato_2001/alignment.nex,44,1975,876,4,0,1,0.046800920598389,4,false,0.103147777819355,Concat.model,Estimated.clock.model,HKY.model,NoHet.model,RelaxedLN.model,Coalescent.model,MCMC.search,87,0.344527851537226,18.2088292710497,173,0.138935450717152,339.590907600107,9,0.029227645878764,917.409997109489,173,0.481351553414743,272.536992330959,87,0.00544498870885549,302.963592679127,1,0.000512509743258613,967.976822531882,444.428965011405,281.471846054793,0.0820246660393523,99990000,7.72125925541346,6.97022138888889,0.0040061378085724,1.40609152454581,0.0064600391447536,0.00315762387993528,26.2233167152874,0.12047839669665,0.00324751620875156,70.8426885807628,0.32547421939631,0.00559711108621794,21.0453922840081,0.0966893374990666,0.00544498870885549,23.3949439346637,0.107483937545289,0.000512509743258613,74.7474747474748,0.343414069717931,34.3189444891303,21.7353444993387,0.006333970515337,0.0772203145855931,0.0697091848073696,0.304398464348619
30,54,../datasets/Cognato_2001/alignment.nex,44,1975,876,4,0,1,0.046800920598389,4,false,0.103147777819355,Concat.model,Estimated.clock.model,HKY.model,NoHet.model,RelaxedLN.model,Coalescent.model,MCMC.search,87,0.446585384570333,6.32606517759793,173,0.194886606278461,147.43089226858,9,0.0264372917298395,567.518119645162,173,0.320361673028736,151.147191497876,87,0.00285189403716362,198.293313227764,1,0.00887715035546667,611.709641855213,253.297108348954,169.996990408,0.0495702490275823,99990000,13.5391032498394,11.9264877777778,0.00519285330895736,0.856578153862505,0.00376008697955097,0.0044292410517832,19.9628170081034,0.0876299821199698,0.00293747685887106,76.844548635169,0.337321452187012,0.00372513573289228,20.4660209182216,0.0898388762669463,0.00285189403716362,26.8498213975741,0.117861590778432,0.00887715035546667,82.8282828282828,0.363588011668089,34.2975867869011,23.0183698899476,0.00671203840088695,0.135404572955689,0.119276805458324,0.330107358230338
30,56,../datasets/Cognato_2001/alignment.nex,44,1975,876,4,0,1,0.046800920598389,4,false,0.103147777819355,Concat.model,Estimated.clock.model,HKY.model,NoHet.model,RelaxedLN.model,Coalescent.model,MCMC.search,87,0.343304928978577,3.90542406341863,173,0.257043364543292,75.9461261165195,9,0.0580849380560522,617.2118239805,173,0.325911943740981,226.448347928775,87,0.0156418597905634,401.123609482469,1,1.29648905341041e-05,18.9016879949844,223.931614613148,190.996312517434,0.070400327401297,99990000,12.1153200740995,12.7351163888889,0.00399191777882066,0.473201945728642,0.00290682281659664,0.00584189464871119,9.20203646654225,0.0565270067072767,0.00645388200622802,74.7846664770727,0.459393239629207,0.00378967376443001,27.4376859226738,0.168546414896563,0.0156418597905634,48.6022694085228,0.298557913656777,1.29648905341041e-05,2.29022902290229,0.0140686022935794,27.132745131995,23.1421288040948,0.00853007800568166,0.121165317272722,0.127363900278917,0.406597935814472
30,57,../datasets/Cognato_2001/alignment.nex,44,1975,876,4,0,1,0.046800920598389,4,false,0.103147777819355,Concat.model,Estimated.clock.model,HKY.model,NoHet.model,RelaxedLN.model,Coalescent.model,MCMC.search,87,0.575807652683648,28.5518215216077,173,0.215721612365498,197.161420420871,9,0.0149992945373782,893.700818121302,173,0.154046089121918,306.260635753209,87,0.0283439385577328,432.311996887736,1,0.0110814127338254,984.621304256715,367.289376713856,197.144687193776,0.0632708192116621,99990000,8.48346462125927,7.65498166666667,0.00669543782190288,2.42242592010269,0.0100442345733663,0.00490276391739767,16.7277921273895,0.0693593420660264,0.00166658828193091,75.8243751627416,0.314394675268841,0.00179123359444091,25.9841110940766,0.107739314066724,0.0283439385577328,36.6787031797486,0.152082875074526,0.0110814127338254,83.5383538353835,0.346379558950516,31.1619805292165,16.726372428019,0.00536809437283955,0.0848431305256453,0.0765574724139081,0.302992920207695
30,58,../datasets/Cognato_2001/alignment.nex,44,1975,876,4,0,1,0.046800920598389,4,false,0.103147777819355,Concat.model,Estimated.clock.model,HKY.model,NoHet.model,RelaxedLN.model,Coalescent.model,MCMC.search,87,0.402335807281521,7.42321852223028,173,0.39422861622286,146.281793015737,9,0.00047730136246743,41.9017832054915,173,0.178915034210588,219.969012148724,87,0.0240179471228914,499.886186916033,1,2.52937996723239e-05,37.4856890351115,158.832775385368,134.063216098007,0.0845986445804832,99990000,9.9771408670036,9.21470777777778,0.0046783233404828,0.740699038732291,0.00778974402884478,0.00895974127779228,14.5962001719759,0.153504537184322,5.30334847186034e-05,4.18101803800214,0.0439707068497909,0.00208040737454172,21.9488130871432,0.23083010338238,0.0240179471228914,49.8793369770032,0.524568342959304,2.52937996723239e-05,3.74037403740374,0.0393365655953586,15.8485545986294,13.3770136222959,0.00844137007837835,0.0997813868087168,0.0921562934071185,0.434618140323019
30,59,../datasets/Cognato_2001/alignment.nex,44,1975,876,4,0,1,0.046800920598389,4,false,0.103147777819355,Concat.model,Estimated.clock.model,HKY.model,NoHet.model,RelaxedLN.model,Coalescent.model,MCMC.search,87,0.495988417506038,23.5102644426229,173,0.0904481345872589,198.9866377852,9,0.00578555119676421,673.162191049333,173,0.343920296296358,434.688832278995,87,0.0630562434633871,614.703636643073,1,0.000801356950193845,919.667222839933,442.686857276704,223.624945774431,0.0621253526865563,99990000,8.13120204165582,7.36743277777778,0.00576730718030277,1.91185828818606,0.00820683152754959,0.0020556394224377,16.1816237165841,0.0694611418141276,0.00064283902186269,54.7416519874572,0.234983690044861,0.00399907321274835,35.3489621013296,0.151738744671601,0.0630562434633871,49.9877934321973,0.21457730505812,0.000801356950193845,74.7874787478748,0.321032286883741,35.9993627132967,18.1852146779301,0.00505204315035018,0.0813201524318014,0.0736816959473725,0.256071603128109
30,6,../datasets/Cognato_2001/alignment.nex,44,1975,876,4,0,1,0.046800920598389,4,false,0.103147777819355,Concat.model,Estimated.clock.model,HKY.model,NoHet.model,RelaxedLN.model,Coalescent.model,MCMC.search,87,0.18603985650095,2.86929107546537,173,0.393261134415309,44.584531085134,9,0.0472917491141896,511.560298960462,173,0.0326920114048789,23.3120369406332,87,0.211362090150836,30.9789170990328,1,0.129353158413836,821.576332729845,139.961063476763,152.699825902262,0.115763052208332,99990000,9.42456554739399,14.5211963888889,0.00216325414535989,0.270445262679027,0.00199967123393391,0.00893775305489339,4.2023185879755,0.0310719275056173,0.00525463879046551,48.217157405714,0.356517476738729,0.000380139667498591,2.19727792969565,0.0162466645762066,0.211362090150836,2.91992033990518,0.0215898797828701,0.129353158413836,77.4377437743774,0.572574380162643,13.1920413723344,14.3927344563608,0.0109112558606242,0.0942550809820381,0.145226486537543,0.538496987693494
30,61,../datasets/Cognato_2001/alignment.nex,44,1975,876,4,0,1,0.046800920598389,4,false,0.103147777819355,Concat.model,Estimated.clock.model,HKY.model,NoHet.model,RelaxedLN.model,Coalescent.model,MCMC.search,87,0.345035968871541,34.962217519485,173,0.291242101767417,251.631638420332,9,0.0018363615686491,328.584883893579,173,0.323517137982519,278.893702061567,87,0.0344549610044464,362.89769370244,1,0.00391346880542788,1167.43964452552,340.149830549225,155.508960100646,0.067220090536799,99990000,6.80120812860271,6.14737444444444,0.00401204614966909,2.37809098897387,0.0144209191887159,0.0066191386765322,17.1157030166815,0.103790885717172,0.000204040174294344,22.3499768304129,0.135531908255592,0.00376182718584324,18.9700381385862,0.115035710690553,0.0344549610044464,24.6838958321853,0.149684965255354,0.00391346880542788,79.4079407940794,0.481535610892613,23.1366115859008,10.5775457896496,0.0045722354851914,0.0680188831743446,0.0614798924336878,0.360829725039717
30,62,../datasets/Cognato_2001/alignment.nex,44,1975,876,4,0,1,0.046800920598389,4,false,0.103147777819355,Concat.model,Estimated.clock.model,HKY.model,NoHet.model,RelaxedLN.model,Coalescent.model,MCMC.search,87,0.353121503064987,4.06227130099361,173,0.212400925521894,4.06227130099361,9,0.0513969088184171,324.038754055256,173,0.355987801907764,34.7615738337052,87,0.0270919730897143,778.795127492656,1,8.87597224055907e-07,1.27647753169799,191.169353301873,240.165058314722,0.160363204427222,99990000,7.83405876850638,7.06928833333333,0.00410606398912775,0.31827254831084,0.00354165979382682,0.00482729376186122,0.31827254831084,0.00354165979382682,0.00571076764649079,25.3879252179464,0.282510679825478,0.00413939304543912,2.72351447443765,0.0303066091097518,0.0270919730897143,61.01736971101,0.678986504420402,8.87597224055907e-07,0.1000100010001,0.00111288705671438,14.977817266769,18.8165534651395,0.0125642040982984,0.0783484225273165,0.0706999533286662,0.612464779816233
30,63,../datasets/Cognato_2001/alignment.nex,44,1975,876,4,0,1,0.046800920598389,4,false,0.103147777819355,Concat.model,Estimated.clock.model,HKY.model,NoHet.model,RelaxedLN.model,Coalescent.model,MCMC.search,87,0.421743416528199,0.966457819321788,173,0.122700649735016,0.966457819321788,9,0.000608274403113124,71.9049570573186,173,0.404513957573769,9.08590930481482,87,0.0504336878231556,542.854040039403,1,1.39367462738778e-08,0.564479905683239,104.405504744347,146.149511765019,0.158034699068366,99990000,8.85771123056731,7.92736138888889,0.00490399321544418,0.0856146042611881,0.00154301859593274,0.00278865113034128,0.0856146042611881,0.00154301859593274,6.75860447903471e-05,6.36977043364408,0.114801374318693,0.00470365066946243,0.804884097301473,0.0145062999522586,0.0504336878231556,48.0892521953782,0.866705056249456,1.39367462738778e-08,0.05000500050005,0.000901232287727595,9.24886300537109,12.946796396669,0.0139996572532972,0.0885859709027634,0.0792815420430932,0.773244043092401
30,64,../datasets/Cognato_2001/alignment.nex,44,1975,876,4,0,1,0.046800920598389,4,false,0.103147777819355,Concat.model,Estimated.clock.model,HKY.model,NoHet.model,RelaxedLN.model,Coalescent.model,MCMC.search,87,0.393779379330747,0.432406365431475,173,0.231248904607284,0.432406365431475,9,0.0031338641639211,401.131990298494,173,0.290959446274105,9.22834794090699,87,0.0808783666329929,538.196293224258,1,3.89909505261231e-08,0.30277480405003,158.288309168224,207.583888395435,0.132355892154729,99990000,9.90835419549734,9.82115416666667,0.00457882999221798,0.0428486391147386,0.00045529676592582,0.00525565692289281,0.0428486391147386,0.00045529676592582,0.000348207129324566,39.7495533455574,0.422366811621866,0.00338324937528029,0.914468847262676,0.00971687123093241,0.0808783666329929,53.3317281725142,0.566686920748166,3.89909505261231e-08,0.03000300030003,0.000318802867183158,15.6853348559371,20.5702039353992,0.0131156021535163,0.0990934513001034,0.098221363803047,0.577023445669299
30,66,../datasets/Cognato_2001/alignment.nex,44,1975,876,4,0,1,0.046800920598389,4,false,0.103147777819355,Concat.model,Estimated.clock.model,HKY.model,NoHet.model,RelaxedLN.model,Coalescent.model,MCMC.search,87,0.374113828278956,15.0045346376706,173,0.154187888983967,166.456150480383,9,0.079732949470556,1019.75236864621,173,0.36888114771388,242.838863405799,87,0.023061671063925,335.458313349216,1,2.25144887168732e-05,50.8366148293216,305.078762908834,248.351052059254,0.104241378084751,99990000,7.80933194180778,6.72544,0.00435016079394134,1.17187110328955,0.00819764553139261,0.00350427020418106,13.0004133699051,0.0909424084857969,0.00885921660783955,79.6438118332136,0.557136135830034,0.00428931567109163,18.9659895260247,0.132673686423378,0.023061671063925,26.1996731831483,0.183275816931476,2.25144887168732e-05,3.97039703970397,0.0277743067979224,23.8269959791095,19.3964976860476,0.00814136937229028,0.0781011295310309,0.0672611261126113,0.451702860842817
30,67,../datasets/Cognato_2001/alignment.nex,44,1975,876,4,0,1,0.046800920598389,4,false,0.103147777819355,Concat.model,Estimated.clock.model,HKY.model,NoHet.model,RelaxedLN.model,Coalescent.model,MCMC.search,87,0.28210375155472,12.1924058077298,173,0.26018714461779,121.1972842174,9,0.0407960013303264,1058.08466205929,173,0.406265031129466,143.180141743976,87,0.0106378399849642,212.434716132932,1,1.02313827325992e-05,20.2159325759339,261.235088760134,265.616524433052,0.126882680594064,99990000,8.01348141578455,7.21122888888889,0.00328027618086884,0.97713388692816,0.00777921636114326,0.00591334419585887,9.71309315651258,0.0773284543820212,0.00453288903670294,84.7978975471428,0.675098060577017,0.00472401198987752,11.4748615359011,0.0913543494869071,0.0106378399849642,17.0251190098882,0.135541389080768,1.02313827325992e-05,1.62016201620162,0.0128985301121433,20.9361189011918,21.2872595486503,0.0101687369029449,0.0801428284406896,0.0721195008389728,0.567463116154401
30,68,../datasets/Cognato_2001/alignment.nex,44,1975,876,4,0,1,0.046800920598389,4,false,0.103147777819355,Concat.model,Estimated.clock.model,HKY.model,NoHet.model,RelaxedLN.model,Coalescent.model,MCMC.search,87,0.418163083967244,9.56286698381157,173,0.171084006169631,143.638716250364,9,0.0936765785781337,879.108654132942,173,0.224302441981376,146.238309560133,87,0.0914397454430029,177.044261375286,1,0.0013341438606115,907.272796846919,306.976158305909,250.473493018014,0.0864609078806213,99990000,9.4370734246148,8.56413916666667,0.00486236144147958,0.90254503326387,0.00422599864616351,0.00388827286749162,13.5566467833993,0.0634764680339366,0.0104085087309037,82.9704262152902,0.388493533213997,0.002608167930016,13.80199684779,0.064625273912577,0.0914397454430029,16.7094678868414,0.0782389643346021,0.0013341438606115,85.6285628562856,0.400939761858724,28.9724627016606,23.6397314184492,0.00816019537982078,0.0943801722633743,0.0856499566623329,0.399196861145984
30,7,../datasets/Cognato_2001/alignment.nex,44,1975,876,4,0,1,0.046800920598389,4,false,0.103147777819355,Concat.model,Estimated.clock.model,HKY.model,NoHet.model,RelaxedLN.model,Coalescent.model,MCMC.search,87,0.066060205533624,16.2011095035329,173,0.107952103748412,69.1047703748875,9,0.00057943883293625,97.9341118286881,173,0.0793549212331425,142.632476476957,87,0.623872954204112,270.789131626323,1,0.122180376447774,907.783768886416,153.356027971712,95.850547900927,0.0834141126101021,99990000,7.49297380404153,12.9771797222222,0.000768141924809582,1.21406629769357,0.0107688254027907,0.00245345690337299,5.17852019355272,0.0459337187064148,6.43820925484722e-05,7.3389112356679,0.0650964892886217,0.000922731642245843,10.6884829467687,0.0948073485715931,0.623872954204112,20.2921879157435,0.179992665244394,0.122180376447774,68.026802680268,0.603400952786185,11.49207621046,7.18277472271901,0.00625082268901755,0.0749372317635916,0.129784775699792,0.495252726468038
30,70,../datasets/Cognato_2001/alignment.nex,44,1975,876,4,0,1,0.046800920598389,4,false,0.103147777819355,Concat.model,Estimated.clock.model,HKY.model,NoHet.model,RelaxedLN.model,Coalescent.model,MCMC.search,87,0.15297136104775,227.232969156144,173,0.224910352452683,332.452593903247,9,0.00189054152907283,268.944602853927,173,0.553088801141375,689.158794873061,87,0.0361615363253797,787.003452544169,1,0.0309774075037386,1091.64268749403,521.292949817525,245.082894513085,0.0596223927570061,99990000,7.88536404687551,7.24091277777778,0.00177873675636919,17.9199388463709,0.066903374394222,0.00511159891937916,26.2177190844601,0.0978828047744928,0.000210060169896982,21.2093819576515,0.0791843785823063,0.00643126512955087,54.3481146482658,0.20290651062514,0.0361615363253797,62.0642937239593,0.231714556345594,0.0309774075037386,86.0886088608861,0.321408375278245,41.1099578395919,19.3276112100977,0.00470191291363923,0.0788615266214173,0.0724163694147193,0.227654640840377
30,73,../datasets/Cognato_2001/alignment.nex,44,1975,876,4,0,1,0.046800920598389,4,false,0.103147777819355,Concat.model,Estimated.clock.model,HKY.model,NoHet.model,RelaxedLN.model,Coalescent.model,MCMC.search,87,0.560482142466746,1.24070504931709,173,0.0681748943949494,1.24070504931709,9,0.00269409613540513,45.0588191739751,173,0.328184476829393,5.31684799560534,87,0.0404643823328897,517.488488292323,1,7.84061696216758e-09,0.552902898001229,95.156520319895,140.777322657476,0.204495155477798,99990000,7.23454337906384,6.55266694444444,0.0065172342147296,0.0897683218312635,0.00217324991721745,0.00154942941806703,0.0897683218312635,0.00217324991721745,0.000299344015045015,3.26012583181835,0.0789261517825344,0.00381609856778364,0.384688143455301,0.00931312359264364,0.0404643823328897,37.4416733345033,0.90644574628055,7.84061696216758e-09,0.04000400040004,0.000968478509837485,6.88482822337284,10.1856150370435,0.0147957703081561,0.0723526690575442,0.0655332227667211,0.813205804191483
30,74,../datasets/Cognato_2001/alignment.nex,44,1975,876,4,0,1,0.046800920598389,4,false,0.103147777819355,Concat.model,Estimated.clock.model,HKY.model,NoHet.model,RelaxedLN.model,Coalescent.model,MCMC.search,87,0.422796291195346,12.8093945941994,173,0.0860026110514748,93.5934825654537,9,0.0484747887403498,716.985260815272,173,0.299617616112623,141.33307634253,87,0.14309520074206,350.656403688733,1,1.34921581474228e-05,22.7891940065685,223.037611759944,207.188813661372,0.0971092655682701,99990000,9.56593725680538,8.88339416666667,0.00491623594413193,1.22546119597734,0.009572345151,0.00195460479662443,8.95398921759215,0.069941566122596,0.00538608763781665,68.5932195120826,0.535796624440897,0.00348392576875143,13.5211855245917,0.105616934356598,0.14309520074206,33.5469262564601,0.262042370607971,1.34921581474228e-05,2.18021802180218,0.0170301593209377,21.3377717772112,19.8215340713734,0.00929034044885012,0.095668939462,0.0888428259492616,0.453327669243994
30,75,../datasets/Cognato_2001/alignment.nex,44,1975,876,4,0,1,0.046800920598389,4,false,0.103147777819355,Concat.model,Estimated.clock.model,HKY.model,NoHet.model,RelaxedLN.model,Coalescent.model,MCMC.search,87,0.216189733536445,27.7098476971524,173,0.249633180143317,297.802082403675,9,0.00188087543133682,223.622133912632,173,0.509612835486573,539.999315274698,87,0.022417455240449,639.110175511931,1,0.000265920161878717,466.57980428717,365.813134397131,182.768446392645,0.046941952207423,99990000,10.6434096683352,9.52198222222222,0.00251383411088889,2.94956756563624,0.0126250923940758,0.00567348136689357,31.699465577614,0.135683849531982,0.000208986159037424,23.8034001614107,0.101886164545664,0.00592573064519271,57.4800873396249,0.246033154804431,0.022417455240449,68.0299172034711,0.291189800247848,0.000265920161878717,49.6649664966497,0.212581938475998,38.9388844029045,19.4547399680175,0.00499672395214535,0.106444741157467,0.0952293451567379,0.229779279828605
30,76,../datasets/Cognato_2001/alignment.nex,44,1975,876,4,0,1,0.046800920598389,4,false,0.103147777819355,Concat.model,Estimated.clock.model,HKY.model,NoHet.model,RelaxedLN.model,Coalescent.model,MCMC.search,87,0.295648620797605,13.4570732618463,173,0.138766052949998,333.446807141587,9,0.00993563047264958,1079.70894266322,173,0.483528435487428,462.834806676011,87,0.000678677552273004,416.629682035342,1,0.0714425827400462,1188.43994006047,542.478001715682,314.514545915981,0.0788810955438055,99990000,7.34997176176657,7.31169277777778,0.00343777466043727,0.989190003706311,0.00385091052412646,0.00315377393068178,24.5106972351424,0.0954199916930328,0.00110395894140551,79.3662390189168,0.308972274237645,0.00562242366845846,34.0216297572894,0.132445992771251,0.000678677552273004,30.6252265033859,0.119223816055323,0.0714425827400462,87.3587358735874,0.340087014718622,39.8759675366519,23.1190422156945,0.00579831807964978,0.0735070683244982,0.073124240201798,0.292117169648857
30,77,../datasets/Cognato_2001/alignment.nex,44,1975,876,4,0,1,0.046800920598389,4,false,0.103147777819355,Concat.model,Estimated.clock.model,HKY.model,NoHet.model,RelaxedLN.model,Coalescent.model,MCMC.search,87,0.432468582622403,20.6233847691293,173,0.21441688760566,81.3498191643195,9,0.0946749510171265,843.851866921259,173,0.256544735544293,272.240890958552,87,0.00188661539408866,413.62172427315,1,8.22781642843918e-06,19.0864466091697,275.135996005692,235.733866394342,0.104159766089229,99990000,8.22573228086219,7.38869222222222,0.00502870444909771,1.69659407776846,0.0124931596398673,0.00487311108194683,6.69228756417886,0.0492798000362907,0.0105194390019029,69.4199374137416,0.511185540291522,0.00298307832028248,22.3960464539299,0.164917104991223,0.00188661539408866,34.0268183760329,0.250562276256255,8.22781642843918e-06,1.57015701570157,0.0115621187848413,22.634213861098,19.3927760225262,0.00856876037891018,0.0822655493635583,0.0738943116533876,0.432829476882143
30,78,../datasets/Cognato_2001/alignment.nex,44,1975,876,4,0,1,0.046800920598389,4,false,0.103147777819355,Concat.model,Estimated.clock.model,HKY.model,NoHet.model,RelaxedLN.model,Coalescent.model,MCMC.search,87,0.222377883624836,23.6585973071888,173,0.132795994867432,223.399165399276,9,0.0362880865574345,1045.88253566927,173,0.571761341495977,309.978324628619,87,0.0332062574769924,381.063017221613,1,0.00357043597732803,1022.45056228514,469.756158105673,313.641842621999,0.0841023801408469,99990000,7.9387701463617,7.26943055555556,0.00258578934447484,1.87838949902094,0.00786932673466846,0.00301809079244163,17.7369199419331,0.074307069094285,0.00403200961749272,83.0385143591583,0.347881630191327,0.00664838769181369,24.6109277885878,0.103105044035156,0.0332062574769924,30.254742524267,0.126749246799357,0.00357043597732803,81.1781178117812,0.340087683145206,37.2965912995188,24.9017951480888,0.0066773623832395,0.0793956410277198,0.0727015757131269,0.319834461362935
30,8,../datasets/Cognato_2001/alignment.nex,44,1975,876,4,0,1,0.046800920598389,4,false,0.103147777819355,Concat.model,Estimated.clock.model,HKY.model,NoHet.model,RelaxedLN.model,Coalescent.model,MCMC.search,87,0.301705463721582,11.1485932467102,173,0.32360404336977,67.5629149473346,9,0.0583104745753527,947.35883077759,173,0.0295907440380657,109.582778487108,87,0.023267863884268,296.163345195319,1,0.263521410410962,769.739460058747,274.904507528637,231.237720305212,0.101452737309,99990000,8.29111710021067,13.5667805555556,0.00350820306653002,0.924435364647389,0.00506396096128809,0.00735463734931295,5.60228062266152,0.0306887116744607,0.00647894161948363,78.5544854675034,0.430313316597578,0.000344078419047275,9.0865451405446,0.0497751509996063,0.023267863884268,24.5577055285979,0.134524561533908,0.263521410410962,63.8263826382638,0.349634298233159,22.7949341263694,19.1741075811208,0.00841240649230752,0.0829194629484015,0.135681373692925,0.402850952975556
30,80,../datasets/Cognato_2001/alignment.nex,44,1975,876,4,0,1,0.046800920598389,4,false,0.103147777819355,Concat.model,Estimated.clock.model,HKY.model,NoHet.model,RelaxedLN.model,Coalescent.model,MCMC.search,87,0.271960271534689,6.66177675892345,173,0.28965081081794,19.8723799113393,9,0.0238226442917314,704.805008696483,173,0.397602171104991,182.730603053494,87,0.0169640767815419,413.614993440985,1,2.54691061462808e-08,3.03105529067204,221.79473341399,224.943511769829,0.102469553861415,99990000,9.89754297532081,9.07016083333333,0.00316232873877545,0.659418159450328,0.00500616034848186,0.00658297297313501,1.96707404934877,0.0149336016414623,0.00264696047685904,69.7653551634643,0.529643519384148,0.00462328105936036,18.0876487311555,0.137317525423714,0.0169640767815419,40.9418159097828,0.310821430173,2.54691061462808e-08,0.3000300030003,0.00227776302919382,21.9544244990978,22.2661073583505,0.0101429824282959,0.0989853282860367,0.0907106794012735,0.479139768236868
30,82,../datasets/Cognato_2001/alignment.nex,44,1975,876,4,0,1,0.046800920598389,4,false,0.103147777819355,Concat.model,Estimated.clock.model,HKY.model,NoHet.model,RelaxedLN.model,Coalescent.model,MCMC.search,87,0.267891407073911,21.1835567164159,173,0.291368318776171,323.299667017264,9,0.0183269920512288,948.368872100896,173,0.403867624138852,660.423338219598,87,0.00982796349762511,708.035629117846,1,0.00871769446221152,1092.65963923344,583.797842408273,274.370820360956,0.0591004163407273,99990000,7.95215608594805,7.22424722222222,0.00311501636132455,1.68471796644137,0.00564297337292536,0.00662200724491299,25.7118653330964,0.0861220538588915,0.00203633245013653,75.4233153115395,0.252630866696216,0.00469613516440526,52.5231469979509,0.175926609602045,0.00982796349762511,56.3097293445099,0.188609790871344,0.00871769446221152,86.8986898689869,0.291067705598578,46.42915857056,21.820577947194,0.00470022737759755,0.0795295138108616,0.0722496971919414,0.236323451801549
30,83,../datasets/Cognato_2001/alignment.nex,44,1975,876,4,0,1,0.046800920598389,4,false,0.103147777819355,Concat.model,Estimated.clock.model,HKY.model,NoHet.model,RelaxedLN.model,Coalescent.model,MCMC.search,87,0.299477857710907,41.1544850166101,173,0.175044861628816,328.420287985991,9,0.0402136742545861,1129.74460837471,173,0.430147427021636,548.900053168382,87,0.0498221620789974,676.487664694101,1,0.00529401730505791,1206.42882774808,589.645435869637,283.487160479309,0.0681736705531394,99990000,7.05221875034354,6.40253888888889,0.00348230067105705,2.90259456840554,0.0104688532223162,0.00397829230974583,23.1632334526256,0.0835433559372326,0.00446818602828735,79.6800291057072,0.287383756084045,0.00500171426769344,38.7135038205683,0.13962886640477,0.0498221620789974,47.7121611494335,0.172084526523213,0.00529401730505791,85.0885088508851,0.306890641828423,41.5872447134148,19.9941340995483,0.00480823720126605,0.0705292404274781,0.0640317920680957,0.257493721180564
30,85,../datasets/Cognato_2001/alignment.nex,44,1975,876,4,0,1,0.046800920598389,4,false,0.103147777819355,Concat.model,Estimated.clock.model,HKY.model,NoHet.model,RelaxedLN.model,Coalescent.model,MCMC.search,87,0.320135688570031,8.57181130993829,173,0.222464329651687,207.671343318902,9,0.0083300575419393,697.958812377303,173,0.442714576901739,132.208274441023,87,0.00623606763546598,201.620104140102,1,0.000119279699137097,164.385939807234,235.42696592311,154.177282151398,0.0606158064353152,99990000,10.8038436990573,9.67703444444444,0.00372250800662827,0.926177713875239,0.00606889866576701,0.0050560074920838,22.4387312130282,0.147032674053951,0.000925561949104366,75.4139205650971,0.494159419991647,0.00514784391746208,14.2850038282117,0.093604326010795,0.00623606763546598,21.784899407114,0.142748356999996,0.000119279699137097,17.7617761776178,0.116386324277845,25.4377051942852,16.6587384569373,0.00654949193338792,0.108049241914765,0.0967800224466891,0.376652285567638
30,87,../datasets/Cognato_2001/alignment.nex,44,1975,876,4,0,1,0.046800920598389,4,false,0.103147777819355,Concat.model,Estimated.clock.model,HKY.model,NoHet.model,RelaxedLN.model,Coalescent.model,MCMC.search,87,0.261474205565038,26.1563824688443,173,0.275107449207775,123.967532559401,9,0.095253834318962,734.307967456954,173,0.339538460161668,209.533271018268,87,0.028621281651958,576.601169361772,1,4.76909459885048e-06,5.94951868276554,279.429930442746,250.683091977744,0.0889575272539038,99990000,10.0848494137529,9.13777472222222,0.00304039773912835,2.63809559362758,0.0156016315626895,0.00625244202744942,12.5031892994907,0.073943549763858,0.0105837593687736,74.0612588771112,0.437996438362869,0.00394812162978684,21.1332281767208,0.12498138450323,0.028621281651958,58.1551751655896,0.343928255893705,4.76909459885048e-06,0.6000600060006,0.00354873991364858,28.1829059927047,25.2835406857638,0.00897212987874227,0.100858579995529,0.0913868859108133,0.405961646021388
30,88,../datasets/Cognato_2001/alignment.nex,44,1975,876,4,0,1,0.046800920598389,4,false,0.103147777819355,Concat.model,Estimated.clock.model,HKY.model,NoHet.model,RelaxedLN.model,Coalescent.model,MCMC.search,87,0.275620565812548,24.7130394190528,173,0.33394552968155,312.293805319626,9,0.0136844004695738,946.479777097993,173,0.368853058267429,537.167712949921,87,0.00338504417225907,629.377862821393,1,0.0045114015966406,947.44695805683,539.323040008803,247.93152077927,0.0564695523336726,99990000,8.14082512420432,7.39501,0.00320489030014591,2.01204652663343,0.00727393408075728,0.00758967112912613,25.4258351483086,0.0919192704387663,0.00152048894106376,77.0589693864451,0.27858295334053,0.00428898904962127,43.734257560697,0.158107728800711,0.00338504417225907,51.2416753502792,0.185248483944926,0.0045114015966406,77.1377137713771,0.27886762939431,43.9097365153107,20.185690103431,0.00459754725863119,0.0814163928813313,0.073957495749575,0.237752112618766
30,89,../datasets/Cognato_2001/alignment.nex,44,1975,876,4,0,1,0.046800920598389,4,false,0.103147777819355,Concat.model,Estimated.clock.model,HKY.model,NoHet.model,RelaxedLN.model,Coalescent.model,MCMC.search,87,0.332693973178429,5.59185880497653,173,0.200006142181257,5.59185880497653,9,0.0515843517593542,799.011073443716,173,0.364203776490218,50.3155900505173,87,0.0515114551393147,594.172232906631,1,3.01251426967759e-07,0.79877584806694,242.583230537544,302.67228175842,0.124579565955673,99990000,10.0153253498591,9.23175416666667,0.00386853457184219,0.560098862309372,0.00384193081679917,0.00454559414048312,0.560098862309372,0.00384193081679917,0.00573159463992824,80.0315617429638,0.548966877220728,0.00423492763360719,5.03977402266289,0.0345697240796707,0.0515114551393147,59.5142336874902,0.408230731802238,3.01251426967759e-07,0.08000800080008,0.000548805263765266,24.2979295754912,30.3166454264905,0.0124782966795709,0.100163269825573,0.0923267743441011,0.550068344736875
30,9,../datasets/Cognato_2001/alignment.nex,44,1975,876,4,0,1,0.046800920598389,4,false,0.103147777819355,Concat.model,Estimated.clock.model,HKY.model,NoHet.model,RelaxedLN.model,Coalescent.model,MCMC.search,87,0.400847556960674,6.27189417252851,173,0.0806314967256617,141.377699019652,9,0.00666780091871524,968.22415558941,173,0.160954945023771,292.80925481429,87,0.240001353467426,350.286746831184,1,0.110896846903751,977.944443356571,379.706244797221,242.693128117077,0.0922194140666475,99990000,6.93086406497292,12.5549613888889,0.00466101810419389,0.434739933390248,0.00229159327931211,0.00183253401649231,9.79967610484914,0.0516558755626187,0.000740866768746138,67.1130113692709,0.35376489251601,0.00187156912818339,20.2962410449431,0.106985178957875,0.240001353467426,24.2803262931145,0.1279860171089,0.110896846903751,67.7867786778678,0.357316442575284,26.3195556286716,16.8224130461298,0.00639224145461931,0.0693155722069499,0.125562170105899,0.341552049645147
30,90,../datasets/Cognato_2001/alignment.nex,44,1975,876,4,0,1,0.046800920598389,4,false,0.103147777819355,Concat.model,Estimated.clock.model,HKY.model,NoHet.model,RelaxedLN.model,Coalescent.model,MCMC.search,87,0.31226227303536,13.0852870461884,173,0.257312219877002,179.162034123076,9,0.143278354497464,802.010252112839,173,0.276411707470416,360.849240127498,87,0.00990967997642962,548.588703243017,1,0.000825765143328505,724.487137422316,397.414243474694,213.04872304244,0.0513605319957143,99990000,10.4377284418122,9.40088388888889,0.00363095666320186,1.36594332204498,0.00497883471907859,0.00584800499720459,18.702316824276,0.0681695520078446,0.0159198171663849,83.7200241934508,0.305157729760274,0.00321408962174902,37.6682305919103,0.137299909337736,0.00990967997642962,57.265925699535,0.208733096382188,0.000825765143328505,75.6275627562756,0.275660877792879,41.4851680397749,22.2396711270311,0.00536140899688241,0.104387723190441,0.0940182407129602,0.263697061335303
30,91,../datasets/Cognato_2001/alignment.nex,44,1975,876,4,0,1,0.046800920598389,4,false,0.103147777819355,Concat.model,Estimated.clock.model,HKY.model,NoHet.model,RelaxedLN.model,Coalescent.model,MCMC.search,87,0.41898204603082,11.2451834596738,173,0.18545891032487,4.15504150262464,9,0.0242034352224096,237.211526207316,173,0.350658531329722,5.92124936825399,87,0.0206965886703205,224.2934381465,1,4.88421857883653e-07,0.424147243143007,80.5479139883451,100.136378792375,0.131823925971737,99990000,9.43068725464129,8.54926722222222,0.00487188425617232,1.06060414370685,0.0232698806522721,0.00421497523465614,0.3918881582289,0.00859810960114987,0.00268927058026773,22.3729144600194,0.490866505111487,0.00407742478290374,0.558470356523109,0.0122529584871361,0.0206965886703205,21.1545281370924,0.464134849864713,4.88421857883653e-07,0.04000400040004,0.000877696283241818,7.59698155653394,9.44449316134798,0.0124331454997344,0.0943163041768306,0.0855012223444567,0.538953372945542
30,92,../datasets/Cognato_2001/alignment.nex,44,1975,876,4,0,1,0.046800920598389,4,false,0.103147777819355,Concat.model,Estimated.clock.model,HKY.model,NoHet.model,RelaxedLN.model,Coalescent.model,MCMC.search,87,0.303390078570799,19.803714774803,173,0.304889969286215,225.63999882874,9,0.0416486915064696,748.481535723495,173,0.321196330091024,285.370323217747,87,0.028813884412915,349.582064543603,1,6.104613257761e-05,104.329565071149,288.874123137578,173.438451330647,0.0563806508134198,99990000,10.6489469139676,9.82093638888889,0.00352779161128836,2.10909798316066,0.0114260515131301,0.00692931748377761,24.0306867606258,0.130186395802878,0.00462763238960773,79.7133727373184,0.431847695296271,0.00373484104757005,30.3919734250183,0.164648706087871,0.028813884412915,37.2305315271531,0.201696637371476,6.104613257761e-05,11.1111111111111,0.0601945139283733,30.7651285339636,18.4712157321814,0.00600454602947348,0.106500119151592,0.0982191858074696,0.329118408816345
30,93,../datasets/Cognato_2001/alignment.nex,44,1975,876,4,0,1,0.046800920598389,4,false,0.103147777819355,Concat.model,Estimated.clock.model,HKY.model,NoHet.model,RelaxedLN.model,Coalescent.model,MCMC.search,87,0.261509736152126,111.932639991803,173,0.128483202908532,206.711680145552,9,0.0889827070580677,840.465728910717,173,0.451768741573885,366.418832618213,87,0.0550680555460772,416.521448510462,1,0.0141875567613124,806.36907835379,429.908950673826,206.017067143092,0.0495856376526171,99990000,9.66430907284972,9.26940222222222,0.00304081088548983,10.8185981420223,0.0407261859832554,0.00292007279337573,19.9792535843051,0.0752111120682531,0.00988696745089641,81.2333290262135,0.305799662999789,0.00525312490202192,35.4153900243544,0.133319838842981,0.0550680555460772,40.257945933355,0.151549449555502,0.0141875567613124,77.9377937793779,0.293393750550219,41.551884913455,19.912117323261,0.004792588537346,0.0966527560040976,0.0927032925514774,0.246948190475294
30,96,../datasets/Cognato_2001/alignment.nex,44,1975,876,4,0,1,0.046800920598389,4,false,0.103147777819355,Concat.model,Estimated.clock.model,HKY.model,NoHet.model,RelaxedLN.model,Coalescent.model,MCMC.search,87,0.271021127403732,97.2151778018606,173,0.209477483139809,99.5198697901359,9,0.102833523219986,887.372482102454,173,0.380066261878641,383.506487643641,87,0.0365906745138794,651.297486399134,1,1.09298439518865e-05,28.4296201300152,357.91037111798,282.815114263763,0.102111982551673,99990000,7.73840800523853,7.02310222222222,0.00315140845818293,7.52365946727278,0.0452723494750483,0.00476085188954112,7.70202377302014,0.0463456265443779,0.0114259470244429,68.675370728373,0.413242438399515,0.00441937513812373,29.6802647669013,0.178595977779705,0.0365906745138794,50.4050973351614,0.30330415561836,1.09298439518865e-05,2.2002200220022,0.0132394521829932,27.6993347436471,21.8875761998315,0.00790263209529595,0.0773918192343087,0.0702380460268249,0.363820513636949
30,97,../datasets/Cognato_2001/alignment.nex,44,1975,876,4,0,1,0.046800920598389,4,false,0.103147777819355,Concat.model,Estimated.clock.model,HKY.model,NoHet.model,RelaxedLN.model,Coalescent.model,MCMC.search,87,0.317720551195877,27.8326678015703,173,0.141674289239266,289.965157222017,9,0.0104969227079531,837.197844119521,173,0.48045830955148,528.468129124952,87,0.0433035207147097,499.444343705787,1,0.00634640659071445,874.296908889842,459.740150801297,200.560825526336,0.0478858099316747,99990000,9.11017746833137,8.21649916666667,0.00369442501390555,2.53585901679585,0.00910395846484268,0.00321987020998331,26.4189823174836,0.0948464863814415,0.00116632474532812,76.277837144047,0.273844191080021,0.00558672452966837,48.1491993467884,0.172859890106375,0.0433035207147097,45.504816548795,0.163366321655359,0.00634640659071445,79.6579657965797,0.28597915231196,41.8873323644089,18.2732744648461,0.0043629185587793,0.0911108857718909,0.0821732089875654,0.236126840016328
30,98,../datasets/Cognato_2001/alignment.nex,44,1975,876,4,0,1,0.046800920598389,4,false,0.103147777819355,Concat.model,Estimated.clock.model,HKY.model,NoHet.model,RelaxedLN.model,Coalescent.model,MCMC.search,87,0.396910887086812,35.8702751639788,173,0.0783929342605585,264.676358188643,9,0.024647283316287,1158.85296815277,173,0.455781915055805,308.69130590678,87,0.0425611888100629,399.835833254803,1,0.00170579147047418,1121.98877546834,495.315532372355,324.062785658405,0.0876497961441952,99990000,7.46442405050276,6.80124805555556,0.00461524287310247,2.67777722404396,0.0109030991793114,0.00178165759683087,19.758541590787,0.0804508069859373,0.002738587035143,86.5103506998307,0.352243989995854,0.00529978970995122,23.0443325131681,0.0938295541003441,0.0425611888100629,29.8484269426939,0.121533769269702,0.00170579147047418,83.7583758375838,0.341038780468851,36.9761493392118,24.1918396953847,0.00654320678428237,0.0746517056755951,0.0680192824838039,0.322307716037309
30,99,../datasets/Cognato_2001/alignment.nex,44,1975,876,4,0,1,0.046800920598389,4,false,0.103147777819355,Concat.model,Estimated.clock.model,HKY.model,NoHet.model,RelaxedLN.model,Coalescent.model,MCMC.search,87,0.305274503603556,4.88263301400165,173,0.297321887556843,209.189697363093,9,0.0655714936857029,973.447907542384,173,0.284035090270275,490.705917949716,87,0.0468889575498513,592.878709455244,1,0.000908067333771221,995.094931551793,495.551742921425,260.625660145821,0.063745498464857,99990000,8.25046911574253,7.42726027777778,0.00354970353027391,0.402880416896944,0.0014948972254151,0.00675731562629189,17.2608574600033,0.0640468159857094,0.00728572152063365,80.3220511747438,0.298036852636321,0.0033027336077939,40.4895891684791,0.150237569183313,0.0468889575498513,48.9201668341012,0.181519425119758,0.000908067333771221,82.1082108210821,0.304664439849483,40.8894324455006,21.5049900970408,0.0052598286463838,0.0825129424516705,0.0742800307808559,0.273138386202008
